id,sha,author_id,committer_id,project_id,created_at
792474243,2f608bd97e9dd8216315770f6ca98da9c4d0eb11,2464778,2464778,75777657,2017-09-25 20:28:51
792474242,82795e331571bd868b31fc2f712be65ab34f2509,2464778,2464778,75777657,2017-09-25 20:29:05
792474241,e301980d779f3d6106875153ee60f6a68cdb1e64,2464778,2464778,75777657,2017-09-25 20:29:20
792513179,2e7613236ba7777d133f17025b835e400ccaf605,11304609,11304609,75780171,2017-09-26 17:13:10
792585791,e5893e256584d3e4aa2a156bb6dedc1ac30ca0d3,2076088,2076088,75786233,2017-09-26 18:14:21
792585924,8074e199fe811ea4d906e37cc116e3f37663973c,35595351,35595351,75780945,2017-09-26 18:14:53
792745501,4dd4eaef686bb42914685f2d02759aa400095d31,2076088,2076088,75792925,2017-09-26 19:51:03
793076062,9e027170bba361fe9f8e7ab4d129045de41fa35f,34490514,34490514,75806787,2017-09-26 23:09:29
793077761,e384e89f840905defb0559c419515da73135c091,12802022,12802022,75807051,2017-09-26 23:14:32
793454170,7d169644b6cf79a72d1c2927d8f558b653cdcc4b,34667973,34667973,75814530,2017-09-27 01:45:39
793546568,b56dfdaad69c9f2bbaed223b1d40e5b081b66f26,32318705,32318705,75818703,2017-09-27 02:46:32
793665735,e108a33a6142e5b8c5854f1c432c263966de304d,6557535,6557535,75827660,2017-09-27 04:26:11
793745732,2abb5ba0a46e8d3a7e10ebdbe9870fab6362bf1f,13400790,13400790,75835852,2017-09-27 06:35:19
793831923,678316417ac804cfb03a8b820855b508d458bbbf,10329706,10329706,75812246,2017-09-27 08:55:19
794111516,edbeffa237970cadeeaf529bdcd683a6a15dccc6,34594236,34594236,75839913,2017-09-27 15:25:15
794152417,57c328fcc824ee67214dee09745bc6ab5524887b,32297026,32297026,75883622,2017-09-27 16:10:46
794168198,6385db813e474cf7c8636028c27c8c71af1d4ed5,11026422,11026422,75886076,2017-09-27 16:31:05
794186393,c565cf059b89096afc1518c5fe22a811ffcec2b8,10867366,10867366,75885144,2017-09-27 16:54:51
794227745,edbcd678855327b4500d3c12faa412428a3356c6,31461888,31461888,75827535,2017-09-27 17:50:15
794268564,4d9afb2c7893af8bba2d6d4875534149301b4585,34773372,34773372,75893922,2017-09-27 18:44:21
794449269,f87b7a180d1794929dba8293cde0aa4cb9adf87e,34478279,34478279,75913341,2017-09-27 23:28:46
795081183,8323ee8f6d3765ec451dea248abccc0cf24218e0,36729331,36729331,75991448,2017-09-28 16:47:49
795096068,530ae41fbc4cde4908bf8384532373a5faaeebd3,32468211,32468211,75993231,2017-09-28 17:07:42
795218877,002950f71451a1d70f248a8d7354400af10dfeb0,36828069,36828069,76006648,2017-09-28 20:00:27
795349633,54365b097d3c174302c7e120678be0f081db607e,8619608,8619608,76018195,2017-09-28 23:32:48
795382181,1a392a4493df6633b02c8409bf2af026b56573d2,9317747,9317747,76020886,2017-09-29 00:45:24
795442155,2e1cdd6e67e183a26f3c1a9a8e03180b5c08e938,9065274,9065274,76024823,2017-09-29 02:45:59
795933592,0cf32b8cfd4de198930de66de902be538bfa5e42,7468920,7468920,76087483,2017-09-29 16:38:01
795988262,12568577335d22842812ed5d2decec4f4159816c,2076088,2076088,76000109,2017-09-29 18:01:44
796062437,d37ebaff4f9a098a44a038cac390dcc67334050b,37130321,37130321,76097321,2017-09-29 19:59:12
796170153,1fe23d1feb88f066664652a8ab8f1a8350ac9266,30932295,30932295,76109653,2017-09-29 23:07:50
796223304,8c2db15420e6d5bc8cb3d5480f9fd19c299a2612,9078145,9078145,76113356,2017-09-30 01:20:18
796647647,5a89697295ecd9f9c5a7c0bc284cecaac4bfc8a6,34601327,34601327,76163383,2017-09-30 18:01:45
796732189,156794513eba368f6e0c29ec4f4c63f45a962dd5,9565617,9565617,76172452,2017-09-30 20:59:06
797293843,02e3f6a82bce8cbe8fd4a00a546ad79cd6568748,11891016,11891016,76228414,2017-10-01 19:46:19
798287391,0bc85a93979cb4809c897fd8fb404fd78b8712e9,12072522,12072522,76325789,2017-10-02 23:30:08
798987184,5723c11a69f6e73e0097a12c74251a1f7f513945,36427334,36427334,76400538,2017-10-03 18:54:53
799006713,573ce16eed2f960cc9752a3953f600e315d0eee8,33520145,33520145,76401033,2017-10-03 19:18:09
799195816,b2dd414260f3846e8ad895395d60bb4f247ac415,37007273,37007273,76418947,2017-10-03 23:43:49
799256045,bf084d2993dce2480cd44bd8d85407b9694f8537,2076088,2076088,76327489,2017-10-04 01:56:18
800116756,0542cb34c39445e570d80edd937ff78fdb4ed3f7,35400841,35400841,76514449,2017-10-05 01:52:51
800673713,9cbe0ca660d5d94513b622e96da6dd1e029daaa9,32225655,32225655,76570728,2017-10-05 17:19:36
800895958,823113236ef6903adcb2f8e29ab5eea44cc3641c,33970259,33970259,76593782,2017-10-05 22:15:18
801525924,d525fa237fa68b23a53840bb4acdd5b1d0ec10fe,30964658,30964658,76656031,2017-10-06 16:28:03
801806794,48ae89b5d3f091cdfbae101e2475d9bf36d68c07,9859144,9859144,76681772,2017-10-06 23:39:55
802545693,039d8e97d6ae78cadcea0b2e79002fa9920c10bd,31037824,31037824,76747873,2017-10-08 02:13:24
803404047,b31fd7e064aef854c69b60c5277c828e10ee145e,33890281,33890281,76836854,2017-10-09 07:08:08
803778977,54151ecc37f059dac7c2c6833d999dfed75bd0de,36651249,36651249,76876780,2017-10-09 15:19:02
803824333,68b8f6cee657fb20d248bb01dcf1ac44a27e205a,10099866,10099866,76881518,2017-10-09 16:11:21
803937116,6cb03df3b850463b2b810a67930ea6bc4c844cc8,31333985,31333985,76881346,2017-10-09 18:27:09
804133895,4b883f04a2f6deabbb440a1e219da179f166f1e9,31606584,31606584,76909041,2017-10-09 23:02:15
804228033,5d1dd1402292bd75f216027321ad43ae098f09a2,654652,654652,76918301,2017-10-10 02:06:21
804775114,99cf7766c9e62294d85f20e61f144eb8aecd522e,36956123,36956123,76994976,2017-10-11 03:12:14
804791557,2230084c39f52077af70c413e8f8b3581fab855e,34284465,34284465,76991414,2017-10-11 05:08:51
804791567,dfa0e93b979230f1b7b34fa44cb0970ea6652ecd,34284465,34284465,75777657,2017-10-11 05:11:02
805257267,69f9c61463e312e571e1c0fcd93770682c9065c2,35467982,35467982,77091533,2017-10-11 20:15:31
806058893,23f0a8c02437ea21298ff510a170736a302676a6,32962109,32962109,77160148,2017-10-12 10:02:55
806805682,20b796f84994e278e05305247862c26351f02e80,11708107,11708107,77218834,2017-10-12 22:15:05
807362032,a510db1efebe7594d4759fae37cf9693e72e13db,11971668,11971668,77240841,2017-10-13 03:33:55
807508568,13a1ad7930029acb6fe45820bdf7c9cbf428b149,35424664,35424664,77245601,2017-10-13 04:51:50
807972391,f09f565d6e9ccc368d8e7abb5d3c88bdaacbae42,35090176,35090176,77293055,2017-10-13 16:28:19
808860336,5f68b52e63500427c5e6541d0085abc35a9bc147,37894993,37894993,77398126,2017-10-14 23:35:22
808925244,6bc14f1f343f86069b2d75c072c31bddff6b21bd,12697569,12697569,77404726,2017-10-15 02:21:09
809270708,06836b1bdd826af3be95ad11a45124a6cd8bae54,32763313,32763313,77392323,2017-10-15 16:09:03
809362395,60b8cd6eb6c04b296d8b7bc3427a315f4bd0b3f5,8410560,8410560,77452326,2017-10-15 18:58:31
809637705,46bdc938346a95886c03fd65b54e6b81dfaa5664,10148171,10148171,77244782,2017-10-16 04:29:45
810526414,acedfd87541d426583dd5aec3fa6fa36841f89a2,8855545,8855545,77578566,2017-10-17 00:49:30
810528311,bf00e3eaf4f4d119f8c7b43330f4c4c045a93382,38275880,38275880,77579242,2017-10-17 00:53:39
811054202,6dc1fbd86e257416ddbf5486bf684042835102b6,3735107,3735107,77644751,2017-10-17 14:44:38
811980675,44f775fe92156c55cf459876b2390da51a0ca1ae,35241155,35241155,77745002,2017-10-18 13:45:07
812005032,d4da3ec01779289a9898fa6f72268562713a20c6,37823354,37823354,77750554,2017-10-18 14:15:14
814305521,e5ccc5a4eb7ec0526df6124f7de41f791ed62829,2076088,2076088,77996300,2017-10-18 14:46:06
812111672,093b6c9dc79f42cf88fa9ed976ef9706ddfca230,10588134,10588134,77762225,2017-10-18 16:10:30
812146033,169ff10c40a551d7f744374e253205caafc17b9f,12720462,12720462,77763802,2017-10-18 16:50:47
813078628,c9c76731df87ab445df3b9f940bc189eae0809ff,24055887,24055887,77869842,2017-10-19 16:21:44
813424273,81e0b317f2787c1bad4358914ab86ec6d8d9fda8,24239226,24239226,77902014,2017-10-20 00:47:21
814101458,ca01acaad90ac0dd7af35e573431c82539488756,32942573,32942573,77962059,2017-10-20 18:05:51
814221210,3c8e7302ca806f69a57b19280d2412b169c7a0a5,38499249,38499249,77985960,2017-10-20 20:45:36
815317869,7146e17c5ae3fefd09e7e852f44380d1005ba9e7,33253457,33253457,78107107,2017-10-22 14:33:04
815433004,b44c0b6f19b9952ecb6faaf15293efbb6c21f7db,10438371,10438371,78119498,2017-10-22 17:36:59
815438851,23b58a77f44ec50031dc093636c201b22de49364,33946300,33946300,78065592,2017-10-22 17:46:19
815596362,de3956daf9091978fde05e4325f48679cd651056,36682770,36682770,78136642,2017-10-22 22:20:34
815751992,ba24b851cadd9304d32f5a3ac3845a67956ee1c3,10794675,10794675,78153853,2017-10-23 03:41:12
815753110,993a5c8fa2254d7e0b13e85ddd86a93c017435e8,10379631,10379631,78153500,2017-10-23 03:43:39
816574640,a3aa136205e94c25a542975ae2ba9c5a130f4668,33734036,33734036,78235481,2017-10-23 21:06:38
816813406,9c4926bf96b3d765855d7f8c56f42da15749f615,13674398,13674398,78259944,2017-10-24 03:30:12
817721922,e8c1fe7692d59bb9aaea0e3f39070bd1aeb425f5,34276168,34276168,78355144,2017-10-24 23:02:28
819328635,ff2cf1c30d13ec6078c85239f5a87af2a9a88f16,36451292,36451292,78533865,2017-10-26 14:34:43
819708909,d6e664c075199605db7e6f12d4f475e7ff8c3424,9661377,9661377,78571446,2017-10-26 21:49:40
820625988,5a3eb3667ff892f015fb9f9417ef4846c52f36dc,32322609,32322609,78673959,2017-10-27 21:34:42
820824601,d1bf69b5ba95ab98a06bfed3cc4ac1f2263dd7b8,8224693,8224693,78690600,2017-10-28 04:41:05
820831283,f6fbaf5118796ad45b775ca019627c237924b97d,2076088,2076088,76693464,2017-10-28 04:58:14
821498991,17b32f5a126e62dc1f08c0094e70aabcf30911fb,32450178,32450178,78763198,2017-10-29 05:34:28
823189706,7a2b305894154e9c4b7a0b9b1a947e8868452789,33694088,33694088,78944329,2017-10-31 02:59:29
823797006,148fe008c11e3135b8aa0b4acc062c107bb038f1,36114321,36114321,79018005,2017-10-31 17:49:05
824767986,c3131e503ad848d6ad37d1e7bd82816c781913c2,33451083,33451083,79126209,2017-11-01 18:32:41
824925265,f44533b8f30fcdfd3a3ea09115171644395b11c2,24365095,24365095,79138271,2017-11-01 21:56:12
825013333,abb5040a82d5b6eb7679b25b86b0cc616888f560,10278734,10278734,79148448,2017-11-02 00:13:02
825295047,5a37ebaefe2a5e8de172916b94c8de4512be51de,36574889,36574889,79182177,2017-11-02 08:29:52
825545561,bc0567f764be7dd96b81b69b23a72d0bfcdea8d5,33926651,33926651,79121110,2017-11-02 14:12:02
825889127,d002b648cd1d25789bdbcf992de680866b358b13,8711459,8711459,79229600,2017-11-02 20:54:00
826098346,3ea349df01d955018fced12318de5591944e623a,12258306,12258306,79237795,2017-11-03 02:37:09
826116456,37d11fc091786dd1703b7fd035c708ec1da6ee4b,33418962,33418962,79265381,2017-11-03 03:10:51
827009493,9835e41af8193dfb6c06478e19798229373e5418,17163055,17163055,79357178,2017-11-04 03:35:08
827198865,48f3dc5d9e3eefb101fe52e939c275df94fde071,34345695,34345695,79375192,2017-11-04 11:58:57
828686176,c9dcb1f488e227fcf0f5bbb0df363995651d85a4,10041525,10041525,79532748,2017-11-06 10:35:41
830228201,8fd11f9608e409f11197fdc8d42164f152fd7a80,33860053,33860053,79677691,2017-11-07 18:02:19
830353216,4f4a393ef904597c1c94bfdb675dea576dba0139,35401999,35401999,79688957,2017-11-07 20:28:15
830466507,4c67dfbae9736d8840061f434caab4fd730a09ba,2076088,2076088,79696285,2017-11-07 22:43:13
830519825,74a800cfd18493171638376977adf7aa6c134c08,34350603,34350603,79704821,2017-11-07 23:56:42
831028236,47bffb42be2bd4a138c8ac2befba1383968d9e1d,959218,959218,79755785,2017-11-08 12:55:35
831196145,7e941b0f887609bd24ffff3cbb7ddc1294a3f65a,34303750,34303750,79778104,2017-11-08 16:01:05
831417679,1b1daa2d8f78ca71dee23423b67ae0c3b456aa26,38887072,38887072,79798422,2017-11-08 20:07:38
833694059,808c00fc13d2bbfe69e81a071327a81646c688a7,2461566,2461566,80023892,2017-11-11 03:29:04
833999138,cf6add234ddb8b126c582d25f23d6c1bf9dbc9e0,35607279,35607279,80057107,2017-11-11 15:15:34
834202632,a0fb3288a4a2db97e8b524c9a325ab36a5325af5,2076088,2076088,80072109,2017-11-11 20:59:21
834832535,252306708304585569e6ea85deed44bc9baeed59,10939986,10939986,80126671,2017-11-12 18:09:01
834863618,77300e5e1d697c9f8b3a87e8709f8c49af7c8260,38326301,38326301,80131344,2017-11-12 18:54:19
835708074,f7f7aeda9255bbacc69a9aced3ab68d76db4ed38,35257846,35257846,80199090,2017-11-13 15:35:52
838227730,d6e4573de244137c7af6450f54d3b921a6a16640,33650632,33650632,80480954,2017-11-15 23:08:34
839121877,682895ee5ac4b8467ddc8ade5851118dc3495c6d,38455160,38455160,80574266,2017-11-16 20:13:29
841526651,39bf7eb876ce2742bdce6140124f2c41ab5cefb2,14698534,14698534,80810504,2017-11-19 18:55:21
842804580,4165b33353626fd31ae28f04bce069748e9c3180,29249792,29249792,80931984,2017-11-21 01:02:11
845711261,16ad90a01eb54da87c32b37badfd2034ea9169e6,34616522,34616522,81225614,2017-11-23 22:28:27
845805016,a3ce18ea8e8757238f6f15897f3f21a5b09c1453,38099118,38099118,81232413,2017-11-24 02:12:24
846308562,81508e7c331f6235d0ccb809c86f0da175c337a4,20072865,20072865,81290312,2017-11-24 16:09:42
846386324,1283d0f7f195d3e3fc4810fe2eef5352cdcd1b4d,13678327,13678327,81297208,2017-11-24 18:12:12
847188379,9b6e65aec735654e9a81444d547c9a6ff54f2f4e,34918917,34918917,81364537,2017-11-25 23:06:36
847198303,e0cfd915160dc8035a0e11cb6b6ef0a00dc04365,33162667,33162667,81372857,2017-11-25 23:27:45
847666725,e91f351bc76dcff0541fd62f3b0c9ce306d3f693,29533981,29533981,81059806,2017-11-26 17:04:47
849826181,408b62e326cffaa6d14cd642844c8c057609bde9,32987632,32987632,81644484,2017-11-28 19:13:12
849893330,0e92f2228fa122b9a97bbedd4fc6549b2416d3c8,37725020,37725020,81650556,2017-11-28 20:32:26
852225728,4e252ab8e10583898a6a09f02338988aa06350db,24005239,24005239,81877817,2017-12-01 01:36:01
852421993,a07b8278c7823ff54ff247387348ccbbaa9768e1,35405722,35405722,81902824,2017-12-01 07:16:13
853137720,60e5864589cf90cc8e1825e3a68027ff5be70026,33307477,33307477,81974317,2017-12-01 23:40:11
853318004,a7256f81d79e1ad62a3fa983134bd68e9b60b897,10604391,10604391,75872145,2017-12-02 06:46:09
853687491,b3ddba28dc978ebb56f64cd14130ac3832deef75,35260276,35260276,82034300,2017-12-02 19:23:28
853862758,287a8395925c1d25a413020c8a3e8aa52daacc59,35582276,35582276,81902342,2017-12-03 00:35:55
853917857,10b9b7b04bba69cc511d3b673ee147860ba4572a,36214868,36214868,82048859,2017-12-03 02:39:36
854389376,f0d657e47e34447fe38fc922fab8f2857f23ef34,39823807,39823807,82041042,2017-12-03 18:34:59
854544419,1da151e76b424fc0b24629deb62c3f8c84c5b863,30831566,30831566,82114587,2017-12-03 22:29:58
855265341,0cc588173171098357bce2a696c8049483e6741d,37173235,37173235,82187623,2017-12-04 15:40:16
855398534,9e18caec44700df0b83d7da083a40676866d3ed5,11476790,11476790,82202148,2017-12-04 18:01:23
855420047,87b0d81faaee051d3ec266210cbcb0a1299973a8,33265464,33265464,81983431,2017-12-04 18:28:44
855539883,e3bdb6617b16b4e15c5f97ab4620b7ceb6075b78,10716123,10716123,82214947,2017-12-04 20:51:11
855680958,cb632ccb3102e6b2f6ac89d09ea68990abcb2978,12541445,12541445,82224529,2017-12-04 23:47:17
855863002,63c127705dec250770447ef0062830c0973f3700,37978212,37978212,82243738,2017-12-05 04:28:35
856016194,7bc48a350915dcb3207a2b1a35a86cfb3bb573ea,14102279,14102279,82262099,2017-12-05 08:37:28
856974248,30e08b11806efa248352f667edbffd2f91d7efc9,36713422,36713422,82353433,2017-12-06 05:10:55
861944015,19130cdc20e42b6110b32d89a6033038ad97ef81,2076088,2076088,82844806,2017-12-11 17:48:04
862134220,06f32da51963ba1f0bfcf8bd9b23d99a00c79111,1545096,1545096,82860901,2017-12-11 21:27:54
862168707,d4db2ed4c4367219b7d6d51533d0c67ccf7eefb2,2076088,2076088,82862368,2017-12-11 22:11:18
862742818,5a4cae1909b0a25e3cef4c1e030d0a659020a008,36957115,36957115,82924524,2017-12-12 12:39:25
863181466,e96eddb7f73e65b15ebfadae0d4c5c2f6a6ea757,35811736,35811736,82964042,2017-12-12 21:01:52
863509017,bc38ffd88143a477a3fb2a5c0f89af515c5755e2,39864163,39864163,82995172,2017-12-13 05:40:10
864523454,205c633c6ccaa5a1e197c89793295bd8624455a2,10708344,10708344,83074824,2017-12-14 05:12:05
865047169,9b92b40d417d129e8d9bb3162ea31ef1800aa474,35628701,35628701,83151803,2017-12-14 17:18:37
865090728,ff695135f0c0420a5dc817a719952228065924ce,35241373,35241373,83156057,2017-12-14 18:17:39
865159584,f94eb304f35c9da343b525a529f572fc8f69091b,8754959,8754959,83160305,2017-12-14 19:52:30
866242636,e6d15ca125e7b7243bff66478860f22003781745,35055617,35055617,83264974,2017-12-16 00:48:20
866293665,dd5e5751d6aae6a521a43b55dd0706b3e476a24e,2076088,2076088,83269510,2017-12-16 02:58:58
866704751,bb0e92c2e2e6800d85ade9421f21a5b35dcc0abc,37585211,37585211,83315036,2017-12-16 19:02:26
868090527,309ff57af1b22f7ff519d5ca3ead81f5664d22ed,9209479,9209479,83462063,2017-12-18 18:26:07
869420945,df2fe3359e88ea006dabf76b874e3e8c4c7e4863,36541944,36541944,83629543,2017-12-22 14:09:01
871761222,521f82e557dd747406fbdb5040d69e277d0e73d9,33932527,33932527,83809997,2017-12-23 15:13:42
872149094,2b38bccf2fbe45bbdd8e3833f2640b0810f2043a,11218861,11218861,83823505,2017-12-23 19:50:52
872233478,9b83fd94027a6876fe414786773461bc3c31ee86,2076088,2076088,83832270,2017-12-23 23:25:03
872739332,22ea736166358c0b7f6b26c493d915c588e29fbe,26558472,26558472,83882725,2017-12-24 22:38:10
873318275,dd8a56bfe3d29cf4aac8a3571dabcfb501bc1a6e,30671962,30671962,83947252,2017-12-25 23:08:28
874427922,672c32a1473518dd89527e238ceea7bd17818a1c,37550670,37550670,84080101,2017-12-27 14:04:56
875378608,0d8bf473de22f0bca499330c824a1200f4989be0,37343986,37343986,84182532,2017-12-28 20:14:00
875639434,1b67b0b9714abc47c39fe51e93fff45ddc014a43,37911911,37911911,84213179,2017-12-29 05:52:23
875992874,5aeda2f1341979ab9ce0a1f522beb0c9c5a9b8a7,12576856,12576856,84098558,2017-12-29 17:14:33
876638865,320d0f13811f193c4756f33943095463fbdff65a,34011367,34011367,84318933,2017-12-30 21:05:51
878308578,1e57d1b0d997ebf7c487621b37aa743c7c051d84,30593384,30593384,84494435,2018-01-02 19:29:07
879117461,55fd2b926051b14747db212769329a482d2a552f,10887941,10887941,84583641,2018-01-03 17:36:57
879185156,f6e95087521bb84632e6a7f79a619680706988df,36664884,36664884,84592482,2018-01-03 19:18:16
879901809,8dbe5446cecf35a6cb8c51b7b115a17607d8a3fd,18608907,18608907,84675202,2018-01-04 16:12:15
880224491,99d4def4fa38b907c2e6f54922b2c864fb5d745e,32151208,32151208,84612351,2018-01-05 00:07:19
880968644,ecbfe67e5013eb6f61ef0e64966507c16c485deb,8642442,8642442,84788092,2018-01-05 20:57:07
880997749,879b50dac99f4ee599508d7cdbd68dba66abbe15,2076088,2076088,84787663,2018-01-05 21:44:36
881113953,02590f49423347ef98275c61d6992f9ea5aba6fd,38007906,38007906,84800982,2018-01-06 01:44:43
883127302,387543c693e993c78867b53a0da0abe484e43cc3,140630,140630,85023812,2018-01-08 19:56:57
883401262,4f142ce12bf214a1c11d461e5e12d0efe646f2eb,2076088,2076088,85050909,2018-01-09 03:13:22
883667042,c2fdc50bdcc43843c1d49f3a4b53426111745eb3,2076088,2076088,85082870,2018-01-09 10:48:14
884216219,432fc40e20f230c46f5f0c332b37e6325c16b73c,36547773,36547773,85145180,2018-01-09 23:04:58
884424422,ff0de6072b4416eae722619567c1b85cfd161449,35965857,35965857,79670062,2018-01-10 05:41:41
884879677,81ce9b7a91af6581b7d049f9d3c6af1e7cda93d4,39764480,39764480,85225433,2018-01-10 16:50:25
884915676,04e12e0b86fb0f21799ec030db43e9488ad2f3ed,37859573,37859573,85227195,2018-01-10 17:36:26
886135712,ab9b5e8e75b0676572a641103e01a0cb7f92780d,15285499,15285499,85359695,2018-01-11 22:35:09
886319104,cdcae19d9c0bfb42b95354c38361637d391d3a8c,37720344,37720344,85383322,2018-01-12 04:10:26
887222986,4f03c4c6cff822ce7da5edf13a330b6e1ae7ff9e,31986278,31986278,85482230,2018-01-13 06:08:47
887608394,a024d766b013979fea175014596b5301fc7fba6c,2076088,2076088,85527052,2018-01-13 20:06:36
887667838,e86f6acf737aace35f3a0441dc2c7e1f3a0c521f,38730508,38730508,85532324,2018-01-13 22:01:12
887821071,bf6b639a85763d91e8d2b6fb91ce08a6afa08c39,1000314,1000314,85545200,2018-01-14 04:25:24
888345332,3cbd4e8492ee0e45f4074797e50323036e9b94b4,37056847,37056847,85602198,2018-01-14 22:26:56
889138696,8c77be30a1b64f2006d6baa6f4ebed26c68cc47e,37400722,37400722,85691320,2018-01-15 18:59:10
890070684,6c791ec77894bb9a173543cf250b77fe1b0742bf,11982854,11982854,85798867,2018-01-16 17:43:22
891138918,1e688d99a34a760a073ef08be56b8a024a6b5c73,35214640,35214640,85921772,2018-01-17 18:35:59
892162437,7fe0aadc3109d89beb5141b71fb74d0010590c32,39711378,39711378,86036047,2018-01-18 19:01:19
893338712,35a285af92952ffeea0ef5e59b298ab8004f25fa,39037753,39037753,86161601,2018-01-20 00:29:58
894134946,a9b18ce4f1248975efd8ffad0ac69926928a683f,36475439,36475439,86249117,2018-01-21 04:45:13
895466409,0660a202d6b55f86031d36b72acee3567d5daff2,3349592,3349592,86394421,2018-01-22 17:11:58
895671943,eb1f9a8f0eba1f4c1b98a4e17cd1c56b34135140,32657831,32657831,86413036,2018-01-22 21:27:22
895711369,5f63004d7e67836750fb8d31e7956bebcb7ed3ec,32526430,32526430,86415745,2018-01-22 22:14:39
895845891,c3ed76e4b530eb883d437f06d775945868dd1738,31198473,31198473,86428882,2018-01-23 01:37:43
895972875,86c064443af18526f018c2ebd4d8656cbdaef7d2,31265394,31265394,86445024,2018-01-23 04:51:18
896534810,c8e6ca8580686fcf45db729ec456c2b0f6697476,30759197,30759197,86510059,2018-01-23 17:20:34
896787533,1641eca1519f224f987981f0a8f8752cef0a391d,2076088,2076088,86533902,2018-01-23 22:27:20
897041290,2570822056ec50c31a73a70eb714c16fc8c4856f,39276853,39276853,86563120,2018-01-24 05:28:59
897243672,7c1aa07f09fcc16f1eb911719af702040498e3b5,36961139,36961139,86589957,2018-01-24 10:39:14
900162506,bbb5f9dedf3843b20c12f00d112e3071860964c5,37934850,37934850,86908351,2018-01-27 13:15:45
900282697,3965e637b4e478b76e57b56fc98d106903d8dbdc,37342491,37342491,86919269,2018-01-27 16:38:59
901161624,941719fa306fe1a479efc289bfa7f306c95e5e66,13412870,13412870,87005199,2018-01-28 19:23:48
901191140,bd5785f5de82544d1b0aa835f7ab68c811c40c4a,40227014,40227014,87007719,2018-01-28 20:10:03
903406936,e9b0393f3249692e9d13e61936e4e83859ccaaed,11010758,11010758,87248193,2018-01-31 00:06:54
904132423,a7d7fdcc0efb1422db2337bf04b203a0088b9b0a,36365468,36365468,87333522,2018-01-31 17:39:41
904176469,72b3b8711e0f3ca318156bafc6b19d0026b4779f,35165543,35165543,87339590,2018-01-31 18:31:45
905244168,0a5e1640afd01ce77e5031d4d8aabd514fdc2326,37302026,37302026,87441935,2018-02-01 19:55:43
905518308,903c07531bdb80bb2a863851ed1424bbb02fb09b,11636497,11636497,87487258,2018-02-02 03:06:50
905709671,121495a4eab1b2aefe6cae64791e1b9aa2fcda80,2076088,2076088,87522394,2018-02-02 11:21:10
905838933,241f06ae290167cee33c17e2b11f95f13a01b104,37774298,37774298,87557544,2018-02-03 03:35:54
906261505,51e90c5697c5e8586bdc63e6a7a0370c677daf2b,34197060,34197060,87670227,2018-02-05 20:16:26
906271150,0183efdda726892f6ca956384b22e4881cfbb349,33140906,33140906,87673202,2018-02-05 20:49:04
906306475,eb00c5cd1f2542e6f06c8b60ba1210e36b4d5667,34379657,34379657,87683916,2018-02-06 02:07:20
908300577,8e21e87f6f4f1342d108b82ed107170a2e05285d,11597135,11597135,86945554,2018-02-08 13:49:34
909732160,29a48e554c47e494949841b255420f378423d6e4,33162877,33162877,88178844,2018-02-09 17:14:50
915682574,0d1c91bb2ab0a398411f43fe2b3042e9dd78d1cb,1456886,1456886,88535274,2018-02-12 17:34:06
916573012,6809b25e42c061ee8d37f830f8d9629a6abd34fa,40072291,40072291,88628358,2018-02-13 15:44:26
916819344,43a66a3a21aa5f33efa872068a987118fc78b15e,38477870,38477870,88653518,2018-02-13 20:46:20
916891054,4fbbeb9bd6d2e0930818bab971a380d8358a22cd,11080353,11080353,88657699,2018-02-13 22:14:55
916962000,9c7231ffed58e34994941e9679a16efa652f1a0a,8293996,8293996,88651987,2018-02-13 23:58:55
917643671,12c96b69a28251d01efb64eaddea9171c462bac5,39174019,39174019,88725367,2018-02-14 17:45:06
918697007,14378982cc6b22fab210f3e9b2c732daf6888e5d,13691452,13691452,88836301,2018-02-15 21:18:30
919383151,5994945a334b46654e02446a7402da64efc78871,11807067,11807067,88900365,2018-02-16 16:55:48
919800802,a4f8195c12fb988e82eb6d4c44a031af7e49b808,2076088,2076088,88945241,2018-02-17 04:59:31
920051624,53fe5ea10aff47f1932a7a53f926b09c77d75b2f,35712706,35712706,88971845,2018-02-17 15:46:13
920734905,c567f3e6c1dc0287dc692e86b2ffbc47a3f08253,2076088,2076088,89011607,2018-02-18 02:45:46
920436182,92a193d1b461da97760d416593672572e9ca9add,40971597,40971597,89003500,2018-02-18 04:54:59
920939136,0b88169b24a199450a0d6174420e94211c6b7c68,35440998,35440998,89064646,2018-02-18 22:10:06
921945784,bf9279880c3b61f5b37ac9b6eeb25ecc69755aad,21524994,21524994,89161357,2018-02-19 23:40:09
923104553,8caffe5e6606a3934581aeaa6f83deca0a7e5740,11106312,11106312,89280498,2018-02-21 04:13:50
923928827,a29655982757f6ec507275c38dd2e402c2e17628,2076088,2076088,89367076,2018-02-21 23:28:13
924770217,1e74888e9b0c052da301bc6088f567f918658a1a,10087990,10087990,89463404,2018-02-22 19:55:55
924859103,98aa5678bc598ba298ed2bba4de45c714afd0c08,38451608,38451608,89471845,2018-02-22 21:54:51
925740885,e6f95edbad0b66e582566da6ac3c340eef4702f1,35654702,35654702,89568825,2018-02-23 20:10:06
926191499,58c48222b9fb76be96aa6b4293f4dc84f990db6b,12322584,12322584,89625601,2018-02-24 13:13:42
926582389,2bdc3eb2ed164424d685b22d219917d1ea4b28d7,13171937,13171937,89662170,2018-02-24 21:57:40
927509599,5baf16eb7838257162c965083348333ea8ef3482,36834779,36834779,89757442,2018-02-26 02:52:01
927910944,5d740cceef870df8ed682b871bb2d6da62283475,33365159,33365159,89806860,2018-02-26 12:42:43
928064467,0a8d5a52309c5a1cc7ce144586014003084ffe70,12815918,12815918,89816537,2018-02-26 15:29:45
928666362,380017f4b60c9282d1f6ae270a0016a23eae42b7,7389324,7389324,89881347,2018-02-27 03:49:44
929625109,4297141bf7dc462b9eaba3a3526d3e4ef49bfa72,39391138,39391138,89986254,2018-02-28 00:25:51
930773770,f691696f8fc6cf3f9769d54c63703fc0365493ce,33729390,33729390,90108288,2018-03-01 01:34:51
931323130,0091e7753ca6a35792bab0111e8359c9ae2e19d5,38476474,38476474,90177427,2018-03-01 14:53:13
932873626,2f7ac1b59dc980346bda333cf8e0f3243fbd2ce4,18245698,18245698,90337837,2018-03-03 03:12:15
933287244,59f010d231bf15f391731a133121270de0afc5e4,37704418,37704418,90385675,2018-03-03 17:16:51
934325470,ce4d90f46cf7097136a21e2e097417d6afe297ee,12194333,12194333,90488269,2018-03-05 00:24:39
935257907,1420a1176db94278d3fdd47f49eb8f38cea91b69,11446791,11446791,90588652,2018-03-05 20:09:09
935315380,738cbc7aa045d74a110d6b47a5cc137d3e9ae291,2076088,2076088,90590233,2018-03-05 21:13:08
935375921,b3a8e2025a1b91a1694d619d6d850cc6e03c03f2,38080064,38080064,90599123,2018-03-05 22:24:27
935962082,ecc86a7c64e84125112330aa8a98fce13fb3193d,5041218,5041218,90670574,2018-03-06 12:44:51
936400263,55d2ba3d519f5e7501ec0644cd466d50afd8b314,31551900,31551900,90707094,2018-03-06 20:01:27
938634675,ff22803e05c5a553c8b6bb33d7fcd3cde27136a9,32874485,32874485,88261830,2018-03-08 19:19:52
938718666,ba976da40eaa4ac9faadc849d9d3c7ae59431ccc,2076088,2076088,90951747,2018-03-08 20:56:32
940492286,99d2bccd2b80a956f6ff949bbdb1760fb5d2a2f7,2076088,2076088,91142592,2018-03-10 19:17:21
941442745,a182f7c2edd899a69ca92cac6112a76511c1b668,35164608,35164608,91226870,2018-03-11 22:58:25
942209765,a4c4405a4cdf997fcd90b98f707982d43ddffc06,37244212,37244212,91319161,2018-03-12 16:12:43
942445974,2e6adfde678bf8c048b8370785961f4cb9c3725e,39168927,39168927,91339495,2018-03-12 19:57:54
942818513,0e4b1eec86e2e536b61bc11d8813f2e42fcc5389,40365095,40365095,91376409,2018-03-13 04:03:35
943696016,1c8c3889140b76978c0b01b250a5bb0dce73f64c,13631104,13631104,91466383,2018-03-13 19:59:25
945377930,ccaaf894d608109d8eb960c0c39eb2bfa86782d4,39114372,39114372,91648049,2018-03-15 08:32:36
945656892,b431eaa69cd7bb4f210cd81fb2ce12e67d2c2331,2076088,2076088,91677054,2018-03-15 13:58:35
947350229,49bd4c669a85cc8de791c8330482d6f7f230d8ef,40594708,40594708,91842222,2018-03-17 01:49:41
950239739,9da2c606ac09a3b010218922ea58fa97e2eb30de,161789,161789,92130952,2018-03-20 03:34:19
950935019,075faeb98c04f6edda42f4476a6019e873a8ac32,32863792,32863792,92210447,2018-03-20 17:29:14
952720312,a7fca068b7856d616e395e73cec1e61dcab45fa9,2076088,2076088,92394170,2018-03-22 07:22:51
954709467,8ad572312ea71ab0fc5de893962d15be74aa961c,37952876,37952876,92596544,2018-03-24 01:40:01
956842004,7f0b408f98a2f151e5a6073826c329f9e8a9e8d8,10925328,10925328,92823534,2018-03-26 14:12:09
956996762,264829f49e692407a626431d416c78cfc49453ef,37018480,37018480,92839451,2018-03-26 16:40:44
958164361,bb50efad9bbaba111654cd0aeba4281fa7c9f717,37904247,37904247,92962027,2018-03-27 16:38:11
959376946,30735fb351a3e702281c57a4304a7fcc4a1dfe36,40266559,40266559,93088723,2018-03-28 18:25:54
961778106,170c18f72948460ccda25df997b2528f900059cc,39609413,39609413,93329829,2018-03-31 04:37:55
963809978,028386e7daff04b1b2b4ee396cb4099a07998607,2076088,2076088,93538145,2018-04-02 16:28:09
966281916,9443303a8f8e5d373afb962f15dc989a00c29874,8686383,8686383,93776618,2018-04-04 17:38:53
966328065,d5c9f864ad39baa4a92ad201bc6dd78aab52f93f,2076088,2076088,93790393,2018-04-04 18:26:35
966569080,13d68a011aadebca8c1702bb208b6114483e4f29,37186108,37186108,93811412,2018-04-04 23:07:16
966620321,6d2427b68cf29586317efb25d07a6e30cc40a6b7,31941460,31941460,93816208,2018-04-05 00:25:57
967079258,810933e2731296846c5a91bb978b976610b9478a,37886597,37886597,93762812,2018-04-05 12:02:14
968800749,74fbc6c5763489d3ee91dd06225fa55bdf7ca876,36745236,36745236,94096972,2018-04-07 01:27:10
971180748,d1d6176c577d9c4f3727fb160b2c734f6f46e77c,33871788,33871788,94344426,2018-04-09 16:17:54
971310415,e68754c58f1d554731c944c86ae1f3ffa8a18fe5,30664818,30664818,94357367,2018-04-09 18:26:49
971483548,3c9d5d4efa0c9de83472e9122c42fb17b43e1fee,42506669,42506669,94369498,2018-04-09 21:11:23
971581967,2e87c7df55b12d4613201172dc3df1a2a74fc3f5,30877972,30877972,94377977,2018-04-09 22:58:33
973073751,e255290b4c426c95f0820666dcee86f450ce7a99,12514294,12514294,94518230,2018-04-11 03:50:53
973878240,4722ca32f3d7b4a5d38c8f210e0221f1d0ff7989,31164415,31164415,94583650,2018-04-11 18:35:44
973984252,d632a7053692150b0e14993f1791085f176b1dfc,32320640,32320640,94608673,2018-04-11 20:11:31
975195912,2bf60ed649c571c170324e4f5aa7d9d987f59a1f,6084127,6084127,94711175,2018-04-12 19:20:10
975294796,faf91017f4405c18b5351069a6ad1c9a7b327f39,7710006,7710006,94733868,2018-04-12 20:58:52
975529906,e90cc224bafda9b9c783742a443202e01b735550,36410224,36410224,94753064,2018-04-13 02:21:25
978442423,bc77e00337a9bd5c73dd6478346d61c0855f9c22,30636925,30636925,95029780,2018-04-16 05:23:58
979250319,071a91fcecea8f8171dd7260f68cbaa356c2f2a5,38228024,38228024,95106114,2018-04-16 18:42:12
979384636,90416efa1029837a3540aa2bd60e6131e035d69a,8704657,8704657,95117704,2018-04-16 20:45:44
979581845,f4b1e623e2d05af9712e5cbd3d82949317da24cd,38029904,38029904,95132395,2018-04-17 00:50:46
979828333,a2e3fd74796cc19daa12101f905dd0acacf3beb0,35123063,35123063,95157639,2018-04-17 06:22:27
980585604,cd2add999bd9f2ef168d562816d52fbf8f1d8c39,38249544,38249544,95229852,2018-04-17 18:47:47
980913353,c8554435233e4fc70ff30fb7a3b1c436fa49a0d8,38631322,38631322,95208553,2018-04-18 01:07:44
980973875,5f10456d6a234005b52237ba31abf78d65821776,7446001,7446001,95152353,2018-04-18 02:27:11
981734315,1d6a69a5e68aa4f4a39fd157d6f3c2a6288d657d,37309191,37309191,95343534,2018-04-18 16:43:31
982002412,7bfced73fa8ccd8b63d1b4172c3f388e4fae1e49,2076088,2076088,95354700,2018-04-18 21:17:59
982083751,141fc36bfd3f4a78cfceeb4788f184588979dc16,39970479,39970479,95369282,2018-04-18 22:51:02
982165401,8ffe52aa655b003ca559782958654e6ff0eff52d,32390896,32390896,95335289,2018-04-19 00:43:29
982585317,547e15e93410836c58bac00f18386f6d07c36de3,11622278,11622278,95433198,2018-04-19 14:28:07
982739888,bf9688bed65f89ff42abb72d52041e558f23c05f,39623695,39623695,95449056,2018-04-19 18:25:39
984456176,c4e5e7d07add172e45c76efcd06d8d2b1bc2f4fa,36311432,36311432,95587077,2018-04-20 19:17:15
985330769,761be4a34fa8a2d636c0d27be94f0f40977812d8,39809547,39809547,95603341,2018-04-21 18:54:36
985661066,5c14e3e7d57045e41d17ecc6c91d9965b39433ea,36668168,36668168,95692955,2018-04-22 04:40:42
987309817,71ac63ec6246d545c0dd603edcd7d2fe95f2c4ed,13263670,13263670,95776551,2018-04-23 16:24:14
988730348,37c575930f79c6ec2d0e90244e3710111901912c,34879120,34879120,95971394,2018-04-24 16:19:55
988842550,444abc08d0ac82f769976bb2387b596b6441c51d,30860007,30860007,95980252,2018-04-24 18:03:15
989765299,eb2030f7a23d703482aab34f243b4d5ac96a5140,2076088,2076088,96060565,2018-04-25 11:38:48
990352490,381b695faa7477fd05e2932937b15c66b98c84ff,39555334,39555334,96109334,2018-04-25 20:47:29
990369468,bca28d408df43d215e0960263bcf378ddce9e73a,37252733,37252733,96109516,2018-04-25 21:05:09
991069251,eec0923409ef16fe6b3ad71ac0e6078c782bde3a,36913302,36913302,96177372,2018-04-26 11:25:38
991496006,fee857cc56dc82e6f9b283d4d0a267f4f1900998,38027163,38027163,96214296,2018-04-26 18:14:30
991507020,7d62e0e372eaba320d91ee71f75b547bc718bfb1,3531119,3531119,96213161,2018-04-26 18:25:21
991628369,ccf4f630082f276bcf6fa5995850e45128f58395,36791526,36791526,96223582,2018-04-26 20:34:31
992911303,d0e10b8726976a58953c34d4316232847257ba35,38595708,38595708,96339160,2018-04-27 23:27:20
993928427,64e1ee8f9877244daa41687bc0b4b33f4daa04cf,41350126,41350126,96429975,2018-04-29 04:51:04
995254823,4e264f6f0d369ee84b046c06b36c4872dddee20e,8786831,8786831,96545992,2018-04-30 15:54:46
995561587,e4947341562d4738df76095064fcea41470bc401,40163014,40163014,96570558,2018-04-30 21:33:54
995611437,8726d49defb62449fce973dd1a620c29e84e78fd,10681072,10681072,96575036,2018-04-30 22:41:02
996099730,cec025cea628ec829040907f1496c1db62c8ee38,38270210,38270210,96586450,2018-05-01 12:44:14
996274742,8568d370349cffe5c58583222b590e5687380fbe,38280688,38280688,96575786,2018-05-01 16:06:00
996363851,746cd562afb18e2d5010c0024b666ec8b0e20e8e,35274534,35274534,96644342,2018-05-01 17:45:57
996432932,dba24b5322f62ae48900edc15105e6797fa75a54,2076088,2076088,96650492,2018-05-01 19:06:06
997299692,3f3fdc4c9298ad9a30506828d4dda1bef3be84a4,35545782,35545782,96737572,2018-05-02 14:28:05
997566783,d23bd98ae56a7fbb0a277a6bbb736fa7165c967b,12042523,12042523,96692002,2018-05-02 18:33:06
998779555,e0fd4d859a5cf0ce2fb5b4fb90c432f94ef80755,38230207,38230207,96880700,2018-05-03 20:50:13
1000577584,1dd5489e137034249e707b12273fd48d50ee9745,34617516,34617516,97066430,2018-05-05 21:24:27
1003646211,add309342c3213f56973e3bb9c2fbc790f53352d,35980263,35980263,97358447,2018-05-08 21:30:45
1004353500,f2d9911bbec8ec2773639d0f438300fa85ed6711,33710000,33710000,97437824,2018-05-09 13:45:17
1004564684,796ad8fed21f8631ffcb32ed801e01b073ddc2cf,10661156,10661156,97399203,2018-05-09 17:18:48
1005133737,c8d4005fbe877b582d479034c94ca255265b9f4f,34383843,34383843,97517103,2018-05-10 06:53:34
1006881910,72d3b24b303c3825ae126ff95612cea1e99f9d9f,10510297,10510297,97481481,2018-05-11 20:23:21
1006883182,294f75ff845c13bf71d04e53aa753c5fe1416203,39714457,39714457,97692849,2018-05-11 20:25:09
1006982842,874e8c990d2c3c15bdf0953860e49aca3fb5b674,35493988,35493988,97700773,2018-05-11 22:52:27
1007053715,5ee3893fbd3120697a84a4f23af634e7d002d3f0,30767543,30767543,97698418,2018-05-12 01:19:38
1007775862,c4a03dc316ab1f0878e7f7c8a5a98b3fe9d18975,17519271,17519271,97803878,2018-05-12 21:05:31
1007975127,f76e3366c847176011dee0420f3b2187949825e0,35956594,35956594,97820848,2018-05-13 04:33:09
1008659341,a7a9dabdad46f6e2d5b4d4369ace49d49655fe73,15929090,15929090,97871557,2018-05-13 23:52:07
1009085859,48f31a3ae10131d86cff5431e9dc39ec8f8d29ec,35448446,35448446,97958223,2018-05-15 00:35:48
1009559570,c833d175b47544042384a93d574575fb10b677ce,38549720,38549720,98015668,2018-05-15 17:55:05
1009620600,29f14cc21ecabd8636b42788e8a15492f9a61fb4,32220489,32220489,98041502,2018-05-15 22:03:09
1010590166,6e28d77709cef632be74388a067e1dcb32656d25,38654444,38654444,97993939,2018-05-16 12:31:34
1011490298,0c5f6e9e5332237a7eff6247c4cd0f1b42ea84bc,39871414,39871414,98195545,2018-05-16 19:05:54
1014551619,99953f496900c74c71d6fc22fd2fb25e46ab1d79,43541143,43541143,98424719,2018-05-18 17:12:57
1014734536,48079f10bca5a46924d44b7b3d7e9a9f3d2604aa,12271047,12271047,98436521,2018-05-18 21:20:00
1014878593,c331a15ef7ef95f469edc18df61206cbee886ba4,6733658,6733658,98453254,2018-05-19 01:56:23
1015548587,bb8374e326a269446562da8bcc073abc13435be6,40385515,40385515,98507641,2018-05-20 00:41:22
1015587308,30561d80c6580ad228d45dc5514b9d55867d32bd,37085435,37085435,98527508,2018-05-20 02:18:14
1016752030,c550e7c9dbe0a0d66108ce413d69873ba0fa543e,40269356,40269356,98648457,2018-05-21 12:02:18
1017650162,323b68a60916737f482e0d2d304b55f1d584488b,38787060,38787060,98731406,2018-05-22 06:40:01
1018268626,f6b44761d5a40a1ca88a946a6f3cb5a607700014,35171181,35171181,98795233,2018-05-22 18:01:51
1018530721,82fccc0334df838327b0e3796a1ebf59b7e0e54e,38123390,38123390,98818819,2018-05-22 23:13:33
1019785325,ca6e49135548cfa8b1040af62e9e47070f1f1afa,35218727,35218727,98946120,2018-05-24 02:08:10
1020600545,03d6b3e73aeba6dc251b7fabcf0f0f851cedbaa3,38570607,38570607,99029652,2018-05-24 18:52:22
1021522838,bf8a87b937aed099542c8bac2473c75826f1c7dc,40836182,40836182,99123967,2018-05-25 15:48:02
1021596974,3bb7a46f39f6b37232b9449b42c53c5a10a41626,10032958,10032958,99128646,2018-05-25 17:13:55
1023242892,5621de0e4bc208ca2a4f5ce3bfb1d206feb5721c,33725908,33725908,99282600,2018-05-27 20:24:44
1023715547,1b34fa4649866df1bec58350fe78bdb671c77b4c,7260659,7260659,99330197,2018-05-28 09:14:38
1024387282,d605f0ae32df2e4095715d8f60281224d73647e3,40053425,40053425,99388399,2018-05-28 21:46:54
1024634668,d19fb569e22c7268eefc71c69a0047733fde3db8,41912270,41912270,99408112,2018-05-29 04:12:02
1025529250,4cedee3a9f2142cfd8fe83b7ff04e514ee93a237,2076088,2076088,99496234,2018-05-29 21:43:16
1026471352,e64fd9c9581f775b6e16306743558ff3f3836a3b,2076088,2076088,99590981,2018-05-30 17:48:13
1026759428,790c8667ca951cda5f779933264d2bef057a1c24,37132513,37132513,99614424,2018-05-30 23:50:47
1027663907,733cad8ea3f44a32541f1c40f539b04b31165960,33733082,33733082,99708962,2018-05-31 19:32:50
1027993133,7787082a8627da5915618a87ef40cb366fd079b1,12181633,12181633,99736974,2018-06-01 03:19:41
1029621685,264b693c359853f1280c9398b2f1fd284713dbcf,36982687,36982687,99891325,2018-06-02 22:30:27
1031325370,a59b6e502546e9a0134f9caf43801749ee149592,33455386,33455386,100057208,2018-06-04 17:52:39
1032634137,fbbe07aaba5b16e89d760192e00a4aaeed847df8,36667545,36667545,100188064,2018-06-05 20:13:28
1033539340,d5da0ae5b5934a710f42923e9995208d0d536daa,7556709,7556709,100285753,2018-06-06 16:07:39
1033949270,1f3d15fa2a98711171fd53834e4315ab712f2c75,8115736,8115736,100323091,2018-06-07 00:33:38
1035936284,2816613693c61e6e170dca69d7cff71499f38e98,40984631,40984631,100531556,2018-06-08 20:25:33
1038345120,ea5b333ab1b9eb39a0981d04fa9439cb79462dc8,33213288,33213288,100769278,2018-06-11 18:15:39
1038735344,d760e132792a4df5369ae31e6cfdd17e6222b896,38980185,38980185,100766472,2018-06-12 02:43:05
1038745635,dbfbfc2338fde96d9067b96868e362e7a86debdf,13850412,13850412,100806761,2018-06-12 02:59:06
1040822842,0d01fa06d5a6a48232fd47e14f35ad44e2e1df76,36028287,36028287,101013551,2018-06-13 21:25:37
1040964031,81cbfc2aae88b2c364cabd5fcc8683ff56e8ddb6,37309889,37309889,101024705,2018-06-14 00:51:04
1043041469,ce7ced7f2f33fd9f6e37875c2a9d0a1c7e0f8fb9,19976362,19976362,101225883,2018-06-16 02:00:32
1043139553,4b0f31e7d0e4636617758369e88d69ac153bf352,39062802,39062802,101235878,2018-06-16 06:21:27
1045272743,94eff4be1b27dcbc99746232bbcd431daa0e8e39,40991591,40991591,101428133,2018-06-18 20:59:39
1046055745,a419223f6ea7fc8e831af965c4f40da0585596ae,38455321,38455321,101504788,2018-06-19 14:32:15
1046286516,b1edd9aa1d6c3a61b7655f3f387e0801eeae83b0,40150103,40150103,101523016,2018-06-19 18:21:14
1046384679,692008565c36bd66983b761cd165d527214177c5,39030319,39030319,101530226,2018-06-19 20:11:09
1046598281,c52bb9d8d5344242d2f61a1b7ff2dfbe2610046c,10305265,10305265,101439674,2018-06-20 01:08:56
1047370517,bc1436b3798c46f2892019d28be2412907d9d13e,34854754,34854754,101650377,2018-06-21 04:12:25
1047370529,cafc4958e3c737f1d9f9efb7195058851e1e9ba9,34854754,34854754,75777657,2018-06-21 04:16:48
1047370530,b9a0a6f869d80cf357f4a74bd500d085d7ce569f,34854754,34854754,75777657,2018-06-21 04:20:39
1050543332,17dd61ef6b19366f31132a70a8b1a03e4f51e221,37315003,37315003,101928364,2018-06-24 04:16:30
1051185305,a91bf0550c12626160bee02d9ed0db16377e590f,37431508,37431508,101999070,2018-06-25 01:29:56
1051873301,5a4cb38f545b5c0970be6d5888d93c5de8d14240,14301302,14301302,102063313,2018-06-25 15:40:20
1052120856,9120a08e6054751472f68d6821e11d16b2492e74,38199348,38199348,102086710,2018-06-25 19:47:39
1053111802,0244fb45efbceb9bf591ed4bf8efda9214d757b3,1882475,1882475,102181922,2018-06-26 16:17:12
1053371101,444226e955aa9f68c36536da34cc079260a7a48f,2076088,2076088,102204964,2018-06-26 21:13:58
1053447384,9836e03422730b13c50641be154f2436cc3bba9d,41250324,41250324,102211735,2018-06-26 23:05:37
1054877291,4632c84a8ba85ad05564d1728d1ca1dab135794c,41415946,41415946,102356908,2018-06-28 07:39:17
1055253272,bdfb7eaa5c4d0813f45117954aa6fb77adb4760f,41651479,41651479,94262986,2018-06-28 14:59:29
1055565259,0de991c1f56f83179cfa42304e3329739d6f1830,37748048,37748048,102420114,2018-06-28 21:06:15
1056482126,8b8aebe4d6ceb399848d144118e70dfb5a54d90a,6785286,6785286,102510569,2018-06-29 18:12:13
1056730403,f8ddf095ad00bd9c7f2a0fc47b48ab68b8321cf9,40532143,40532143,102533297,2018-06-30 01:10:53
1056734262,5400b77f48ee9293fbbd735623862bd78a063a65,40532143,40532143,102533297,2018-06-30 01:22:21
1057299019,3248d450509f06afb3f1e6496fabbe174c739147,41723901,41723901,102588069,2018-06-30 21:05:28
1058854475,8a9722dd51628f75bd5f72fb47ce47e27523d4fd,37541330,37541330,102736391,2018-07-02 16:11:08
1059288960,f34005f4747f555cb4786bcb874c6498d84a161b,36379237,36379237,102769707,2018-07-03 01:20:30
1059294366,e9d0c29b5363cd7e82f9a5d87bdba7939a27fd33,2076088,2076088,102768887,2018-07-03 01:29:25
1060290462,95dfd5991859c91eb9b48332182a11fbe0b7970c,38298948,38298948,102873539,2018-07-03 22:23:50
1061195629,9d688f7b7df21ad97c15a6635b258624d59b2fc9,39034763,39034763,102964767,2018-07-04 19:24:34
1062016955,894837d8997b08e5674eb5ee27b0ce4eb86f4cd2,35959898,35959898,102861407,2018-07-05 16:05:44
1062254600,a476b80cf7cb84f411b298f3d3d136a6c088b0a8,2701004,2701004,103072742,2018-07-05 21:08:06
1062404826,72ce84a6a62620bfb2fc5bea1f95dfbece1f75a2,38063614,38063614,103086205,2018-07-06 01:23:53
1063311398,86bb68c34d9c3a4f2e75bf6e82ac71fe16501df3,41443810,41443810,103176736,2018-07-06 22:54:45
1063841148,55ac1ee9df0eb1e84abc12750d9d4745ae513e7f,34645560,34645560,103230393,2018-07-07 18:23:03
1063882936,00802dc3544ef65f07d443df96bc8b324ab92342,42607780,42607780,103236219,2018-07-07 19:45:37
1065638922,337a6c96ab057660cbb3191b1317f24a13b1b81c,39593135,39593135,103401060,2018-07-09 18:43:51
1065690276,11ba338b10f3393ba4550581d4030b392012afee,41115846,41115846,103407971,2018-07-09 19:42:20
1065771948,aaef3ae0fd7ac76aa34e2e42621121e0eefd797b,37428029,37428029,103413804,2018-07-09 21:06:06
1065817371,adb30d922e8e5dcf7432142d82223a836314160a,37505368,37505368,103412265,2018-07-09 21:59:42
1067126983,b2ad4b237d8df16bb79be45aac34f7343b8b1a8f,38343007,38343007,103538188,2018-07-11 01:17:50
1067649377,c95b52b7b02450eb5c1f40d06e6dbb84bcc045ce,43177780,43177780,103531587,2018-07-11 12:52:06
1069057784,e454bf6b00fdc69f96ecaeb5517aca55dcdf4c16,42997750,42997750,103729311,2018-07-12 18:48:30
1069262154,ee682a878627edc131b5989c659c0f6e2545b876,44790516,44790516,103749472,2018-07-12 23:09:41
1070871859,88fd11b2b4b2a6559211e9ba01c4ef6102ee62ea,15334346,15334346,103906727,2018-07-14 20:33:21
1071389304,20c3e9154c9677a9b18158af1031c254739fa885,12866515,12866515,103965420,2018-07-15 17:07:12
1071463950,5a33f5fe14bb36549c78f12dd89080cda9bbe078,44389967,44389967,103972064,2018-07-15 19:31:38
1071769386,6c5a8f45987fdf8b6ec89ff1308d822ada6b07ff,38432827,38432827,104002835,2018-07-16 05:57:46
1072140970,330ed382e6b2fd79a794cde000365bcb557a252a,42588541,42588541,104043407,2018-07-16 13:32:30
1072650086,114d4971c343c25997107f4da9543f3c00f0e0a2,36215867,36215867,104088776,2018-07-16 23:38:21
1072795601,17a6a4ce33694671f852b84c5336df7710d472c6,35099087,35099087,104105282,2018-07-17 03:40:33
1073501107,f08e199057a06f4b940b9e897879dc76e08f5b2d,2076088,2076088,104178708,2018-07-17 17:54:01
1075368970,00a5644487c96e838091ea9def156ec423fa10c5,35405209,35405209,104328384,2018-07-19 13:24:26
1077069054,108b1b538ab58e449de72b14ff6536daedf94a86,10271275,10271275,104536528,2018-07-21 08:51:49
1077579496,5d90978e44bb6e5a04ec74fd90310c8abc3d9edb,42255531,42255531,104587127,2018-07-22 03:06:27
1077772453,5678f13437b5a83c4645640836475550f00176b4,14458707,14458707,104608735,2018-07-22 11:02:02
1078102669,e39b6631903a2f8fee3c194b486c0870d5a1e99a,31034341,31034341,104641871,2018-07-22 20:59:04
1078162677,24ef0aa5873144aa9ed9ff601f2e5826494550a7,2076088,2076088,104615677,2018-07-22 22:58:34
1078313884,09909c8fd3e6bc8f465e3c5fea7623ab2b5a54b3,37554036,37554036,104652005,2018-07-23 03:50:39
1078947999,cf3414598a92194bae8c08ae53f2cb4888671235,2076088,2076088,104720343,2018-07-23 16:25:42
1079024171,3c387794f15ac4dceede0c8e1e804530195e3296,44476710,44476710,104733819,2018-07-23 17:41:02
1079089077,ba2cf063555176539ff1e55e68e07f09cf2dd067,37727168,37727168,98782516,2018-07-23 18:46:54
1079256932,d973294c4a800438c3e7e2c13f7700ade7dfb1fe,42424022,42424022,104752374,2018-07-23 21:59:40
1079283900,22bce14b0e5618f536654fad9e5ce377121c4005,33369053,33369053,104753347,2018-07-23 22:38:17
1079387530,ae924029abc7921937e1416129c7994f8c88c061,42359196,42359196,104763646,2018-07-24 01:31:11
1080053893,71ad4ef6cb356a72018ff6b59ae3aa6e16c94cea,12026418,12026418,104835744,2018-07-24 15:48:42
1080555591,4c2a0097941720f55d0bfcb9e6d24176ce352539,2076088,2076088,104829454,2018-07-25 02:12:32
1081147530,1e27eabba6028dd35a36179fd2c6f3c87d1f03b6,37777244,37777244,104944223,2018-07-25 15:15:40
1081494090,20cd97eb53641673ebae93541f6f63a379bd1772,44321477,44321477,104973611,2018-07-25 21:47:05
1081521896,b7d86b512e4462f0603dd36536846b7ba87af7b1,39442682,39442682,104951426,2018-07-25 22:27:10
1081740855,820f1223981a5991a51a9258bb108053679fbb67,5777981,5777981,104999396,2018-07-26 04:28:35
1082738830,909af541656ae4e35864f3ecc176d920d0ec1394,36869429,36869429,105098007,2018-07-27 02:31:15
1083384656,0edfd0af370ede69f0c323dc3937f8bbacb5610a,39110002,39110002,105167797,2018-07-27 17:38:42
1083506272,256c355919556fe42b3b2365a9a3c28b29f6592a,40497105,40497105,105178330,2018-07-27 20:16:27
1083518590,d5b083175e2bf9647fe1e0381c0c477b6eb12745,8117671,8117671,105157395,2018-07-27 20:34:12
1083560451,cd268b8d181b87a0100899e1106b6a776856a126,33989227,33989227,105181643,2018-07-27 21:31:44
1083676195,d43ffcc51084914ef040605669774f133466ad57,30746825,30746825,105155823,2018-07-28 01:25:16
1084193705,c90d10ba03c33aed2cd46a062e44e49b528bca91,2076088,2076088,105247970,2018-07-28 20:07:20
1084309734,6e77d96c720e57ceb2575ded75504740bfa8862f,40808741,40808741,105257947,2018-07-29 00:55:58
1084720917,96f2f6ebc5368c881cf25dcbaf1b18ed05bd8186,37848489,37848489,105301473,2018-07-29 16:20:16
1085681617,a00e2c8ce942f3969971d3054a48cd11c4b06efb,39567809,39567809,105398078,2018-07-30 15:50:53
1085844412,67773a740a04d6b07059b68e2322c293ce636d6d,40968018,40968018,105411080,2018-07-30 18:32:50
1086878963,02b1a9cdbcc79a9c42aa6d80a6874ae1c3b7d74c,2076088,2076088,105505944,2018-07-31 15:33:23
1087045043,b7d06501d03145ad7f7d458f5f21e8d6301e1626,40526057,40526057,105254375,2018-07-31 18:27:10
1087058612,7f552089ab99f86e4c7e7c47c9e6d2879a70460f,38045416,38045416,105522309,2018-07-31 18:40:18
1087968239,ac07fbf9f7cc88c984da5fc92bd4993cf5531a68,34666260,34666260,105610238,2018-08-01 14:07:19
1088066942,c3a7077e543d52e2eb58a670aaf1635305b367e0,43971204,43971204,105611647,2018-08-01 15:43:45
1088466321,9ef2905d892f41a98377daeb34e3c2407f5fdc5f,39887339,39887339,105653251,2018-08-01 23:52:28
1089897975,eb1589cd0678deca2d12fe47a888324fd94728a0,41946828,41946828,105785018,2018-08-03 08:17:39
1090396889,ffe408d49669917aead4b759dcdfa1ba381f4530,11462011,11462011,105753937,2018-08-03 18:22:50
1090524447,d07390efda9619cd2ed337f84d73742c88bf36c9,44363028,44363028,105852801,2018-08-03 21:11:54
1091902370,2c45fe5e3a046851e01518bc40d7c20c2fc582f8,33867126,33867126,105989217,2018-08-05 20:50:01
1093494770,8894038679b43b261fec9c1969ad967fb5a04ac8,45271888,45271888,99824894,2018-08-07 07:28:52
1095081334,89d4436477341a123660601369652fe81f9afa52,37024314,37024314,106283971,2018-08-08 15:24:05
1095423637,9afc8d4e61d4f128e927ee2aea1d997290a0b820,41012911,41012911,106314985,2018-08-08 21:41:56
1096075673,4cfc52e23a019b1edeec1808d1d2e1fba6e5ae61,40403972,40403972,106388131,2018-08-09 13:33:27
1096709609,dde02d78805a929ee465c202bb151b95c62d394c,36712644,36712644,106444179,2018-08-10 03:07:38
1097288563,9d206d5700d2e4d010ed3bd313dd11abe88b4431,2076088,2076088,106428414,2018-08-10 15:58:35
1097378099,c81a473a59215a5cd535a1a55939cb12ed7d6c7a,41692759,41692759,106510188,2018-08-10 17:45:08
1098386108,9b057cd39514a1247cb77bc2df0dc7a22ed48e17,31068976,31068976,106599807,2018-08-12 01:35:58
1098448504,6b08c88eb2a751d0cf5779177b254f5a867e3a25,36514782,36514782,106604515,2018-08-12 04:13:42
1099785501,9385009c019a587711c05e3ee7f3ea1fe910bcfe,40404209,40404209,106556951,2018-08-13 14:32:19
1100230969,211e8d1d799c628b7195c73d164a94fc452394ad,39251926,39251926,106762898,2018-08-13 21:38:05
1101077290,a7772075a07d18fe8ce6a9fff4516a3c46347095,39078288,39078288,106841122,2018-08-14 14:50:41
1101161419,514381e45d66e5244532ccbaec291340f6788869,30977760,30977760,106778711,2018-08-14 16:16:21
1101411993,163a7ec3252e9a09a786070c9ae7fabab01355f0,1640746,1640746,106770210,2018-08-14 21:08:27
1102806493,142ae89bac580566a8fbd30846186d69d1b6e0d6,41471006,41471006,107002994,2018-08-16 04:48:56
1102820792,8dcdf242b95de46ec796927bfa8338c5d3753e35,36943601,36943601,106999878,2018-08-16 05:24:02
1103868126,ad9496911bec0bba839ab0e09d873a245516cd55,11127171,11127171,107092287,2018-08-17 04:01:34
1104680228,31d16b0a545b58472809ce7dc3ff0461643c0fb0,33343220,33343220,107181305,2018-08-17 22:10:45
1105569093,6e1d55c40515d06bfbc50741d4fde2c5f4303381,2076088,2076088,107266155,2018-08-19 06:15:24
1106082936,6f119799cebbb897a4ea443cf969ae5794235d93,43307394,43307394,107319037,2018-08-19 21:56:39
1106119732,f1a9d8d4768aa7461f5e164666d9627f21b0858d,36153404,36153404,107320009,2018-08-19 22:52:40
1107100170,07a3cc1d7b6058f37dbf0ded05ebebfbda9f1fea,43953331,43953331,107407246,2018-08-20 19:11:12
1107149550,032209b20ee56b9281006845057d1be17f4dd2a2,42560277,42560277,107413158,2018-08-20 20:04:20
1107837436,955af88a0ac203f2f2644efab3712fa37940b178,36706504,36706504,107479578,2018-08-21 11:49:01
1108085708,5ebb986cae299dfec3da50bb9c8b4114be9bc761,38530168,38530168,107499948,2018-08-21 16:08:21
1108638065,0b76abc1b889fbfb9fec0ed9a33d8344e46c6295,12507250,12507250,95584803,2018-08-22 04:08:13
1109171942,074eed10086461b0c0675cd64a4ab4fec100c2ac,10506091,10506091,107600980,2018-08-22 15:11:59
1109271928,433d90ce092ec83346e850bb6068715791969bf4,2076088,2076088,107612966,2018-08-22 16:52:56
1109362001,26974a96b7013bef3467798f02ed67bf648780b2,2076088,2076088,107614716,2018-08-22 18:30:50
1109369040,8e17808863b732374ec3f39caab5c2d43befe859,43154906,43154906,107613249,2018-08-22 18:39:16
1110327090,09b1b1cdb1e5bf3fbfee64abe39386594c21be2d,41348426,41348426,107712692,2018-08-23 15:18:37
1110431514,e639c25aba6b4fbeb767131749e9fa56f1fcabbc,40855148,40855148,107720142,2018-08-23 17:09:26
1110744822,6291d81c80a1c43aec6b1755a5ef22dea3ae3d97,41072080,41072080,107747302,2018-08-23 23:41:23
1110825725,a1f8e0c18a180ace66a935f3ffa3e9d26bfdec98,35819228,35819228,107744673,2018-08-24 01:46:26
1111398515,d68b9f2b8a911894ac11b651c9841e05a01811be,2076088,2076088,107809820,2018-08-24 14:29:21
1111474096,b681251297b208ce97ac0915e72d803eab01822b,41652595,41652595,107817776,2018-08-24 15:43:06
1111644593,ced3237cedb109908bff77ab14513fc7bb4c5f0e,40333804,40333804,107834544,2018-08-24 18:52:03
1111728942,839e8f36b5453703dd726b145bdaf833a22de4f3,40471225,40471225,107839025,2018-08-24 20:43:31
1112250090,404821b8cb3e7abe7eccd5e69d81e860412f677e,44089018,44089018,107890437,2018-08-25 13:30:29
1112572046,1a05e06eccdb4962fae679ebf2cce0536ab9171f,38281511,38281511,107906055,2018-08-25 21:44:57
1112586176,b7b67afadb1dd02cc55189c2b71158bac30397ea,33338539,33338539,107917606,2018-08-25 22:10:01
1114151756,6ab084d53c95867ca2022a6d540a6c54d28e5ef7,35487804,35487804,108060103,2018-08-27 14:57:39
1116593115,434501b3f5ab56e54f81aed9ddfad607b10e5a1d,2076088,2076088,108293433,2018-08-29 15:30:29
1116926507,ee186545bd1c08b761a6e2187eb7667d7639f363,9715247,9715247,108326655,2018-08-29 21:35:50
1118106818,87a9c7c71acd168e45ad0d5399b6757fef4bcb70,37700765,37700765,108441390,2018-08-30 21:29:35
1118303698,036d28cc3b3487ac0d5c832fb61f7c8e407e6aa8,37004684,37004684,108449683,2018-08-31 02:42:51
1119094115,efc35861eafe23469b27254cf6f72c59e70ebc17,42917396,42917396,108538466,2018-08-31 19:25:24
1119173679,c659d2eca1bed5cff4d63dbb20defdf9b7ad5be8,37342169,37342169,108545062,2018-08-31 21:15:05
1119761824,cfe3308b53a71754d04a44738e016453080fd28b,43336259,43336259,108600461,2018-09-01 16:38:18
1119799624,73f9357163fab6d23bb37027fab378a717bcd7f3,2076088,2076088,108598592,2018-09-01 17:43:35
1120025506,e67c3b6a5a037058550a839b8ec3ccce5ccc48cc,31370116,31370116,108625355,2018-09-02 01:47:06
1121770626,e91f633f091eaa61a9bc65258896af328e835de2,34279339,34279339,108792534,2018-09-03 23:03:32
1122243622,d65971504a5c8b0365d1387fd2b6004b304c366c,39277029,39277029,108831502,2018-09-04 09:27:05
1122887312,4bfff000e455eb31fc1c45e20784608efb3829db,37265549,37265549,108902686,2018-09-04 20:38:08
1123135700,8db1574ad0aca862c8d9c383b241dacbceb4da60,33826815,33826815,108914787,2018-09-05 02:43:36
1123760359,2fab6dc4d25f27b639fdd9fd404b3efdb3811f7c,44066989,44066989,108991450,2018-09-05 15:02:11
1123958117,f18876a66d5f0524503089ebccb734c3ab547384,38432706,38432706,109005042,2018-09-05 18:09:30
1124210524,b8f05064ad79cf7f4ab222f4cd70d9650acf743b,38062293,38062293,109029888,2018-09-05 23:17:14
1124469109,4894da8278774beec5a04cf4284418a0b1e3366f,41134991,41134991,109056993,2018-09-06 05:42:36
1124942102,ab61d759b4b39ec85ff0c8824091d55bc4c8c31a,10813272,10813272,109110051,2018-09-06 14:57:45
1125432920,1dd06e6dfcb211276dd43925d757ad37c72f528f,42774919,42774919,109151934,2018-09-07 01:04:30
1127855436,011b555b4590271a644cb93c57fa3d01dba8ac1f,33391222,33391222,109397698,2018-09-09 19:51:29
1128144087,6ab1419e1b301f40587915ce7249032325d54190,43331018,43331018,109427011,2018-09-10 04:08:34
1128625343,db0395412b39ec8a10c30efe40944e0ffadb81fb,34362164,34362164,109474475,2018-09-10 13:15:32
1129983834,e8e48bd9d65a6d1de6c3d4fe0aed7ebca9e4cb5e,44760198,44760198,109603472,2018-09-11 14:17:46
1131787131,ceb73330ef1af1e63ac84a216ac191a73b9b37b7,35466259,35466259,109779976,2018-09-13 00:33:44
1131870901,f5d14246b0f5cbc8178da810d6902e8ca8eb45ed,2076088,2076088,109787962,2018-09-13 02:43:00
1132674079,835daf557de2b513dba7815f040d2d111c089fec,43705409,43705409,109867450,2018-09-13 17:25:01
1132965711,359d3e7a68cf6e74f665196599540e5514afa7eb,42041572,42041572,109888369,2018-09-13 22:35:49
1134192271,0f3d0db9b7f6a2597971a6629e36e84a1a569ad0,37319918,37319918,110013146,2018-09-15 02:55:11
1134819013,4df2c3f6160338a765c51de04d841345cd81c89b,43722758,43722758,110078030,2018-09-15 22:16:24
1135501534,e8de9afa78cfca7c4f7fdcd972c83ea77de7de7f,35967649,35967649,110141877,2018-09-16 19:50:02
1135643771,2f2e358c30deb1d0cd150aaf6f87c73864da4254,40852160,40852160,110157736,2018-09-17 00:22:23
1139346074,2d99d042c6a39a74eaed4b656b4f9d48bc6b88bc,39760903,39760903,110528014,2018-09-20 00:05:38
1141228472,c02a6d4d825a6134c817ccb9410da88c8a94c58b,30833628,30833628,110722100,2018-09-21 15:15:29
1141336428,bee15b87d05fb5019b2a73ef64bc571789ca826c,38763694,38763694,110733929,2018-09-21 17:19:32
1141729346,0aea00b1d27fa743ba93fcd57a042c307dc5d53c,35653278,35653278,110770756,2018-09-22 04:15:57
1143081434,da9d791cf989b199fac0052a18c64bb927a86571,36138897,36138897,110916366,2018-09-23 21:02:07
1145803545,2d4728ec94b23a8f6e5af4269cb5b2dea568e43d,38484192,38484192,111171576,2018-09-26 03:11:45
1146716185,54597881d084b5ee3d2fc68cc20469d22eda9014,42019668,42019668,111265570,2018-09-26 19:57:37
1146814271,2c076fec3d4e76823acfe5ea74925965c1d2af3e,37541474,37541474,111271950,2018-09-26 21:35:00
1147079407,e2d8c07be5f03415ef3fa6e35e19fa61fc7c8277,12058207,12058207,111293087,2018-09-27 03:35:10
1148608604,9146121a5a8f451d3f6971674b3ad80363170ed9,25765646,25765646,111442855,2018-09-28 08:19:12
1150322696,2ac770bb7ca621df4c5fba2441741d0edd7fad43,36533007,36533007,111609031,2018-09-30 01:34:40
1153545641,037ca14c9be7c06249149c19a79b99d71ffecb64,13327806,13327806,111916910,2018-10-02 20:00:46
1154929728,d50c33e32e917e42be6cf0508ebbce935fb5dbce,2076088,2076088,112046647,2018-10-03 22:47:52
1154965861,75be30a89cb3079014e933bbd35a526efae2692f,37775674,37775674,112048183,2018-10-03 23:39:07
1156131337,5495d73a6d3409b340e1d9609b8a4287587d7a38,38839995,38839995,112051036,2018-10-04 22:00:20
1158383455,d676940fce01581a577bf8945ee8f3caa58b333e,40788194,40788194,112371901,2018-10-07 06:24:37
1159196791,4564bb7b07e756452aaab6b05523e293bdb5c15c,36999817,36999817,112445752,2018-10-08 01:49:42
1160153601,b067fb2cc241aafbf0f047f2c46595b52df414ef,37276587,37276587,112540215,2018-10-08 18:12:14
1161312793,6047015f79b5ec867e5c54fd36bfd34d749fc635,2076088,2076088,112659172,2018-10-09 16:10:04
1162485508,a7fef663c8422511d66b738bf7a22516bcac2fc0,36426386,36426386,112783493,2018-10-10 15:00:49
1162485613,d20c83840b4ed4bb2da9276360a6c68b9b0f46c3,36426386,36426386,75777657,2018-10-10 15:02:41
1162698439,41ccdc5d474b5e665d3ecae71c53e2514596e200,36473442,36473442,112658517,2018-10-10 18:26:12
1162866163,1972e2d36efdd2073df1f1fae96644c7556abcdb,40834612,40834612,112818529,2018-10-10 21:20:03
1162932891,8a2d37585f4a219b44955cf9e1bbe91b56d9f381,45346881,45346881,112824765,2018-10-10 22:30:45
1163270470,0339bf756098c460094585b3dcda17f812dfbc11,33734036,33734036,78235481,2018-10-11 06:56:14
1164393720,21208b2b8628b3a6e322c8eb0a148a234a4e59db,33596417,33596417,112973651,2018-10-12 04:10:39
1164908608,2ae6aac560561ed26da18630f25bbd7c8844368d,42607975,42607975,113029312,2018-10-12 14:51:29
1165137304,5145d7622fb1832a0582b971b2234b202960fd9b,45938907,45938907,113052238,2018-10-12 19:06:01
1166044196,588d44edbe4339dcb3fdc7140925a2bdb85cd8b2,40569588,40569588,113145397,2018-10-13 20:26:48
1166112208,e3f0e39f59d6371a16ed0064eefcf384cf24c827,9212075,9212075,113151668,2018-10-13 22:23:02
1167988723,0c98214e53cad7ac2fb9569fb65dd278a2ce38bb,42283569,42283569,113332081,2018-10-15 17:52:52
1168188520,47b9804553c4b9c7258f07901e8fa8c4bd808013,42601658,42601658,113348643,2018-10-15 21:03:02
1169346457,a19132e52a3197eaf49dd5bd1fd4ac212acbc078,42308013,42308013,113470337,2018-10-16 18:28:37
1169588156,0f151fbbf3ae86822d14e6b970d93a347aadbcba,6780876,6780876,113489797,2018-10-16 21:57:35
1169648413,b945e13f38c3e0a69281241733eb2991f854c8e9,40054976,40054976,113494962,2018-10-16 23:16:45
1170765299,f44814b9a10b52e55df6a90f0e3495265b768ced,42662254,42662254,113607062,2018-10-17 19:57:31
1173508482,392700f721a83813413c83b47ad4026e32aa3c27,43662530,43662530,113883591,2018-10-20 03:35:19
1173955291,c0ebee6b58d3ddfa2dc23b9e487ac3d970939da3,2076088,2076088,113930669,2018-10-20 16:22:38
1174194624,df90107c112d50d61945d506a549fd6276554b0f,38646803,38646803,113953946,2018-10-20 22:04:43
1175074356,989008c34fcb4e1fd180ed245fa899a2b85e242e,32226297,32226297,114039456,2018-10-21 22:11:58
1176643321,c6e99af72ed82d6f3b7c86518658710f834e6e03,36750195,36750195,114265791,2018-10-23 21:07:47
1178110920,76813067e000f8e5ccb64b3db77c0e7eb0e5d2fb,33760348,33760348,110897217,2018-10-24 15:13:10
1178418961,7c649b8bfda5788c8085749e96ca6d06159132fc,40497692,40497692,114397628,2018-10-24 20:00:40
1178637018,4ae2d7aeba8968c9d76464b4d2816087dcf4ec13,10380825,10380825,114413785,2018-10-24 22:38:58
1179140987,d71498bb0ea7f400bf4d279f65e541b359282dab,40777167,40777167,114441555,2018-10-25 04:31:35
1179709362,7057848f9af74a6653eef92c0a0df26d509ff0b5,37842591,37842591,114499139,2018-10-25 14:49:33
1181314863,5e83c7351e6742ec76837582d95bc1ee616236a2,35262301,35262301,114652782,2018-10-26 21:43:09
1183828058,816e8c26ebad70ecd0b30814c664e0d7a1a1fd26,10956699,10956699,114947897,2018-10-29 16:56:44
1184023406,ad88a30b6b7419f37506a66565eee87bae12faa1,45180964,45180964,114972535,2018-10-29 20:46:45
1185504529,e977695648090aee4d3397e1dfe3ac9d92bb47e4,37976183,37976183,115097156,2018-10-30 19:21:23
1187071340,d8785d0f82e1908373add79550c0bd228adf667f,45053409,45053409,115243997,2018-10-31 21:30:31
1187200260,6f25cc85d5d71156c781a2d680130d0b4fb1caa8,41177184,41177184,115253784,2018-10-31 23:57:00
1187237198,1059c012bc15b2cd264c9af3b7a57cfba47878f0,42791802,42791802,115257940,2018-11-01 00:50:29
1189302438,dbd56753df55e39eef57147c5ebbe22b09b960a1,42656265,42656265,115463554,2018-11-02 18:24:56
1189409857,4317bc55cf6ecac0ba0a7fb8436ae9a0b9e497f0,39324188,39324188,115471736,2018-11-02 20:31:08
1189442315,38dc022628ac55ccde10490a643a936a74f85f03,42261858,42261858,115473545,2018-11-02 21:12:10
1189484535,18e29654eb3c420d91e79ad18e3710c8c4717fac,36906480,36906480,115477844,2018-11-02 22:10:39
1189830763,44d9b43295c14cbc5c4983d52731d2058c052dcf,2076088,2076088,115512827,2018-11-03 09:27:56
1190352947,bb64513e7ce03abac3290f244e5cb63b4ebcbd2c,35780296,35780296,115563647,2018-11-03 23:19:57
1193604635,a58c79d13c81758c791e7a97de4e60df4ab214ae,39872495,39872495,115877111,2018-11-06 18:59:24
1193630581,4c52f64a155039592fe452237f84da353ab4c8ae,2076088,2076088,115876101,2018-11-06 19:30:17
1193632506,0e99758260e4b505755d1db0f57e862b49d4f980,4557751,4557751,115880831,2018-11-06 19:32:45
1193823620,a3678a0b63213587d62a604fe3de3dc977cd4e81,38407536,38407536,115895072,2018-11-06 22:09:31
1202313296,9927f733b6eecd3c50f228f47584ab386ba034a3,42075660,42075660,116670343,2018-11-13 22:56:04
1202350727,6cdfef014441e59fb76d2b4b602fd8a35d72b5c9,37098480,37098480,116668922,2018-11-13 23:36:53
1202577882,b88fd88efd1d4a25ab55fc388176a7c7b234738d,33754883,33754883,116696520,2018-11-14 04:32:10
1203220507,1b1cf9591de632e7ed29946d72457d51987e52c3,40907373,40907373,116764846,2018-11-14 17:42:39
1203847130,7cd93e2fa77e8adf3c3ff15c4a25ab89d8dcc948,45279752,45279752,116816362,2018-11-15 03:24:15
1206818943,5662e2375ccd951ce519f1d047ac8e81d96a39b2,2076088,2076088,117107571,2018-11-17 19:37:49
1208671052,7cf15b0966087520390bebe908f2750d09c90ec8,31082215,31082215,117296714,2018-11-19 16:31:09
1208691053,f07eb3cc6bd98499a1be7a8df1a094f1f0b288d8,36278394,36278394,117302948,2018-11-19 17:06:42
1209159026,3a21df8f9dd51974ebc0c8e9e8329d7d109201bc,43999795,43999795,117340193,2018-11-20 00:18:14
1209352106,1361638a820c4aed7b60705296144738ac951752,36881695,36881695,116900957,2018-11-20 02:11:23
1210383978,877f2a59274a21459f4de7881bbe9e63276caf9e,42254714,42254714,117445482,2018-11-20 19:45:02
1212600262,fabdbb7a282fcf37300987eaf72ddce8a8ca4de1,43364085,43364085,117656515,2018-11-22 14:55:04
1213149012,1b7507edce4d099c9825526d975a18b01ee8e65d,33737307,33737307,117712539,2018-11-23 04:42:13
1214559184,9fff82d8ecfd9b480f3aa746719e5b3e2345da62,35317402,35317402,117798785,2018-11-24 17:28:51
1214702525,946a0fbcc2bad387f8b8128d3a04749034edb6ea,31125975,31125975,117867075,2018-11-24 21:11:41
1217924043,cc853694df915dbb709e2b6bb308761ee1e54720,43976291,43976291,118241937,2018-11-28 07:50:50
1220468128,3ac309909ef414c23657bde4eec6a2b59b374036,38702049,38702049,118457606,2018-11-29 22:10:15
1221559534,cb5ccd5ef597ecdbba5ad4c903f83da7b694455d,41110576,41110576,118523772,2018-11-30 10:28:17
1223213129,ca47810ff9a99c63ba9770b7ef5817e178fa7e75,35272805,35272805,118666944,2018-12-01 20:40:09
1223377740,0606435cabf4b35950a29fc7613accddc7390427,37040167,37040167,118679152,2018-12-02 00:48:51
1224435368,233c0939a3ec740026cf0d437647b26090940d1d,13660563,13660563,118781006,2018-12-03 02:55:13
1226375220,44048df0acc3853cf9e00083481e1e7818e2ff64,2076088,2076088,118955118,2018-12-04 11:08:24
1226840252,0e2f1b404edc43ed7c9ad011d913fb1c44489761,43210248,43210248,119001006,2018-12-04 19:02:52
1227521080,360351ac7242d821a1e58ca2b3901d7063ff5187,38320913,38320913,119055830,2018-12-05 06:46:28
1229574600,8d41c1efeea03e41d6e0c79c12678ce7d6444053,32340750,32340750,119251508,2018-12-06 18:52:27
1231680389,9fababaffdf52410f0380604fda7490814dbfe97,44560857,44560857,119453550,2018-12-08 17:59:14
1231855108,50f522e84c6da5bbf6562c4eabc7763974d3d524,7524715,7524715,119473224,2018-12-09 01:11:55
1232052180,c2d8f381bfdd0bcda6beff098ce7cc5cdfe0a038,40407848,40407848,119524429,2018-12-10 04:53:23
1232204629,f91a456855892bfa922f626edc1dd6494a6da16a,34071471,34071471,119564750,2018-12-10 20:03:02
1233141629,2da70433688ed9f75697eea6e757afa0008de4c7,40968645,40968645,119389469,2018-12-11 17:43:42
1233207123,347ce9ac35fb598ecc1076d93884d884c528c222,44129644,44129644,119661870,2018-12-11 20:24:10
1233905382,917b25e3d73b7a98a85e5ca46c7fe8e816a3a9b4,43279868,43279868,119651242,2018-12-12 16:48:59
1233916014,a75925103bd6ad6343b17e3457c50c8267da8038,43420442,43420442,119784700,2018-12-12 17:05:18
1234366127,58dd4006a35770f13f8cbf4c0173f268c2aebee1,33935055,33935055,119693007,2018-12-13 02:03:09
1237412954,dfaf80a94f0b27517dde39f4c9f3da9296b5d0ae,20803377,20803377,120161045,2018-12-15 05:10:02
1241325358,f46a9679f237538433c30abb54cb45c4c00be196,31973974,31973974,120310106,2018-12-16 19:09:16
1241523173,2d53cfdcc0eb23f6bd224abda5fdf6cf00506601,44853463,44853463,120325098,2018-12-17 00:22:58
1242796135,53e2babb5024cacf3829119b8095612a33cfb16f,45674680,45674680,120444012,2018-12-17 23:53:38
1244007283,dd4ff6f9896f2df0277c4bf79c44121b6ae8de67,36064537,36064537,120547696,2018-12-18 23:12:49
1244019074,1ba7e688daf1fad980e3315ae19af61ea9469861,41300413,41300413,120472333,2018-12-18 23:29:13
1246653185,4fb6c497f78c929f6b7205fb99e0a114efaf43de,10458199,10458199,85615021,2018-12-21 04:11:23
1247383399,143689808e86cc44bddad9e065a48009a5cd32d1,40786052,40786052,120872599,2018-12-21 20:07:30
1247384646,3372863b51cda57af43b2b2695499081e54d9293,43921399,43921399,120871984,2018-12-21 20:08:53
1250423745,bebcd434ea3b07c9e72a845dc8c4b156082cc48e,13692780,13692780,121104315,2018-12-26 00:24:27
1251136274,a179268dc796007f713600dbbec247c0b99ce733,44341319,44341319,121245155,2018-12-26 20:33:44
1252151884,831ecd073dbdd6e10b0e92ffa74d5c450424f152,11856128,11856128,121344366,2018-12-27 22:10:38
1252151916,71a4c3b56ed849078c22987d899b5e953ce57b07,11856128,11856128,75777657,2018-12-27 22:11:47
1252321413,8b73c06ca126b9525f8bdfb2efbe993d87d051c8,35849787,35849787,121359524,2018-12-28 03:17:41
1255165184,8f4dff097f57aeeacc6905fdb5a48d5cf66decfa,43095857,43095857,121633463,2018-12-31 22:08:44
1255601789,170ff58bb6e922b5a69d3be828d08dae8574b491,44955140,44955140,121673890,2019-01-01 16:19:18
1256736387,3f15bb4aa7d1c17bee5d88025c41b3e78a871cbf,42630421,42630421,121632711,2019-01-02 20:37:50
1257917416,223a249003ffa2ccb3af2e019a4179c3814de474,8082368,8082368,121896219,2019-01-03 22:02:47
1259534206,0d8fced89476084e4b17f49ffc837dd0d239eeec,35403940,35403940,122056535,2019-01-05 15:24:34
1259973068,c8d8381f0c0aae3e3a474a4c2d49a0488e3aab9b,11418106,11418106,122092505,2019-01-06 04:45:13
1261338902,606c8c8297e1171a632b2daaad29b4c1b7b65bc1,36602748,36602748,122161966,2019-01-07 14:18:50
1261649222,bcd670221413384b19fe8571d3fa616ad7f19e35,21853607,21853607,122254213,2019-01-07 18:45:03
1261803224,9bd8af90d5cd6697cc458da9dfd9543a55a20aaa,38212273,38212273,122265686,2019-01-07 21:17:04
1262022448,8bc4d42417fe57e1e097de43394c01c7dc64dfa7,5407976,5407976,122163450,2019-01-08 01:56:29
1262148891,d864226196273caa25b15b27a24320ef454abd3c,40454788,40454788,122297559,2019-01-08 04:40:05
1265992371,62b36ffa0fe1430bdf8ad51f3c275c0d1e731cc0,33360442,33360442,122671598,2019-01-11 09:08:13
1269327880,111442513a628b517a6b3b3844b9d811849a0a05,43251007,43251007,122833219,2019-01-14 18:33:54
1269768019,aa468e177c794cb3a2f27fabbf901c9edf3e4e14,37978233,37978233,123031054,2019-01-15 03:19:51
1270588310,63d35915450d133be39939c276ed5502d0b08db6,33186140,33186140,123111970,2019-01-15 18:55:08
1270910353,cac0e088d3e2d77e621817885eda18205b287c88,8752092,8752092,123136307,2019-01-16 01:04:00
1271586390,5e31b70a4899257a37dbdf7f025377f99667e61a,43813350,43813350,123207267,2019-01-16 15:05:31
1271942447,8765d6c7b9853c91d73f9937302b8c071ee15685,38888751,38888751,123241848,2019-01-16 21:18:00
1271942476,116d2a769cac613eeb7fec0d33683b27918b547f,38888751,38888751,75777657,2019-01-16 21:20:44
1272149022,828565715b96aaf68945fcd2a4c86c5f9c974dbc,2076088,2076088,123255343,2019-01-17 01:17:27
1273053310,eb35c47c5679d2af13265b89dc08c16628b81592,31748144,31748144,123348968,2019-01-17 19:24:47
1273241657,4caf76744a4082b3371265e1bf2a0421b3c8e2d7,6105507,6105507,123365942,2019-01-17 22:57:47
1276106463,c0b231928b290f7722b93b05b42e5601b8860181,44245393,44245393,123654645,2019-01-21 04:13:22
1280261258,54a74eea97dced981ffb6dedfa496cfa4ed177e4,30352254,30352254,124008010,2019-01-24 13:41:40
1282007944,0d0089f8d5c0e215485fee4e7b7347600e61fde0,37443607,37443607,123491018,2019-01-26 01:10:51
1283757521,a02d8fd35d3cc45ba6770b98f763c5d0454badcc,13142081,13142081,124364310,2019-01-27 23:25:57
1285061766,3c36c644c468fe725be0d380421ce0549117e7dc,35118865,35118865,124482028,2019-01-28 23:54:36
1285380217,517af0e0a65770c73e4e209cf8c788e748f28b49,36977408,36977408,124514125,2019-01-29 06:56:27
1285796238,6d355e4d7c487d048d580800d097241977a4c3f4,32774484,32774484,124554043,2019-01-29 14:33:54
1285971180,d53cf5422aa6b42f261f583f536ea3399bfcabe3,2076088,2076088,124568497,2019-01-29 17:18:35
1286314834,d5abe3020154319f50376ffdb01c43b02e6da42f,39403984,39403984,124598999,2019-01-29 23:12:23
1287565534,cd2ddf5c15d7dadf0b7939a6943360d78172b9a8,30566032,30566032,124714212,2019-01-30 23:09:17
1288532454,1fa0135e95d0e5d44eba258874654d9a7dba9fe1,40483453,40483453,124809297,2019-01-31 18:20:14
1290101931,72a1125345dd8f62f903b59a1e7a6065a36316ca,45245449,45245449,124931285,2019-02-02 01:17:18
1290582038,a1efc9fd96fde705bc07082b4913c4698ef73164,44671425,44671425,124985668,2019-02-02 17:00:56
1290948047,1fb1c2a8fef2d5f19751c32dd1c0283429d0a3bc,40559977,40559977,125017616,2019-02-03 02:54:58
1292814713,b426ce8cf37c85c5736d2aadb597846523d231f0,45866502,45866502,125182200,2019-02-05 02:23:37
1293478900,bc59d35ded80ffc31136f0b5536a89dc3fdd9510,38154257,38154257,125339080,2019-02-08 02:07:53
1293581743,52826ec6e94b372b0de97a09d29599dba8263a6d,44458265,44458265,125365877,2019-02-08 15:47:07
1296298974,818d5998eef9eb32449634fe7bc0bd6d4002a3c7,48124403,48124403,125757826,2019-02-13 22:05:52
1298798290,e398523da4509c29346ad054f3545481e92a7cca,44818192,44818192,126035171,2019-02-15 19:31:30
1299879430,3ac560b3e10eb96d3b4cfc69c7c68fa490e16e7e,2076088,2076088,126022474,2019-02-16 16:07:52
1300496800,5c0520afc66f233459e767c7b471bb5bee9d3d16,41628783,41628783,126072634,2019-02-17 04:30:12
1316399704,c84107d28cb4074d476ffb797bee2b73367db840,39178817,39178817,127476757,2019-02-25 21:34:44
1316666109,86e1ae744b6351a7a76cac4ef94eb3653cda206a,2076088,2076088,127490986,2019-02-26 00:25:00
1318132894,74114ca5c1eac1ee07da4ca1a85532171a1be78b,43627937,43627937,127617536,2019-02-26 20:57:16
1319681076,42de4e2fa58e77e01a1b502512c986aea89e6196,9725300,9725300,127792912,2019-02-28 16:21:54
1320138128,e873b5993db60c0ef1a59f39a8babf1ae8391099,12086189,12086189,127905354,2019-03-02 16:35:27
1320167132,3801ac16874494b00e59446d5e23894ca8cbd797,1157428,1157428,127909724,2019-03-02 19:15:15
1320524848,9782a008eada9588f9a03802cef51fbf5c2a5c64,37565340,37565340,127998929,2019-03-04 12:44:07
1327239658,35389dde88e4066f1c61149834d2188ea216e814,32095739,32095739,128879445,2019-03-11 03:01:33
1328199915,2c11f37eb0d0aac83d1459249eca5d10d1fca9ff,34102143,34102143,129008496,2019-03-11 23:10:43
1328333807,b4e648c88208fe11e6171a850a876099d538a3b4,2076088,2076088,129021696,2019-03-12 01:28:10
1328319084,7c3fa9ac9284283c91fe4c6c0c3c7cefebc2898f,30683950,30683950,128993752,2019-03-12 01:44:20
1329281465,e3a35f78bc6a138e7a9b357dc25b5dcbf24cf01a,43869793,43869793,129178839,2019-03-12 23:48:25
1330493775,097e37dbaba43a104403d7190bbafb987d1303af,41599591,41599591,129317931,2019-03-13 20:07:50
1331907044,106082b3e69c39bee7e7f49bf1f3473fee85647f,40861825,40861825,129302561,2019-03-14 13:10:15
1336139711,a013cd760ff57f70f6c6fe1e5f13d23017002e57,40943174,40943174,129810155,2019-03-21 01:03:03
1337050758,4a344c50a7c35f6195e7e55189ca2eb23691e948,2076088,2076088,129905011,2019-03-22 19:39:54
1339204217,920add35e21be305301b48e895ff3fd77e380b1b,43748429,43748429,130109117,2019-03-24 20:47:59
1344191630,3ae98656ab70d7904b7fea821fb9cbf81b695ed2,40331090,40331090,130587895,2019-03-29 00:49:32
1345361420,f28f82dc6a23f984e078218a48b4131f888756cc,31070920,31070920,130707391,2019-03-29 21:37:01
1348281792,89ed4b1abc8f6e3d9dfe794e1f31af180a229297,2076088,2076088,131007341,2019-04-01 18:03:42
1348401347,a1eec5d35391adf054f10e935c02565b00de9229,43855687,43855687,131018790,2019-04-01 19:52:48
1354254117,8f38af598df64ec07756b3b9069b25657e8856b4,12157902,12157902,131458658,2019-04-06 05:41:12
1355351937,36e33ffa5a52368722f0c73bb2e7e9193cb6e627,40005332,40005332,131678823,2019-04-07 13:52:52
1355933528,3cf654f19975c27dea876be47e545109fe51287a,37228936,37228936,131731606,2019-04-08 02:24:49
1356054480,49b18554478c33fbbc6b18752b9b7284ac9177cf,41030952,41030952,131751874,2019-04-08 05:19:03
1358543152,7813f516b9edf86a64bd4c80b6c0ebac77766485,40525590,40525590,131980860,2019-04-09 20:50:04
1360173162,d160436eeb0c265554e161754f0962c36e1e05be,45655328,45655328,132137484,2019-04-11 01:49:45
1361016241,f6254a93123db5929e8c34781f59cb337bcbdf75,30658267,30658267,132230905,2019-04-11 16:51:32
1366085763,0126a9c66f48be6d38563991515c5641f43623e6,42047954,42047954,132711253,2019-04-16 05:38:11
1367390503,023af797b82fc967cbd8d1320ec482f27f402eb9,2076088,2076088,132884595,2019-04-18 19:58:59
1368413875,3a75337a804107699e5a7f06906d0d652fea264e,29578903,29578903,133011979,2019-04-21 01:15:47
1371543521,79129dc40cb86bb6fea01e4c021b5e3c697411e0,45586353,45586353,133267536,2019-04-23 16:39:52
1376361303,2fd3901901cec0f0390347618771d5ff03a73d42,49558115,49558115,133867895,2019-04-27 11:24:20
1379979077,1681131c1fd4bc4cf4e0f638b48326195e9cc785,44264274,44264274,134224353,2019-04-30 15:55:01
1380330596,d30ff860560817f74f8af784ddc391ba93ea3614,43661821,43661821,134245915,2019-04-30 21:17:58
1382841979,a8c4d603aae34eb30f087398eff987c3a2fd3de7,37041121,37041121,134467243,2019-05-02 23:26:04
1383877100,cddfb0e21dce07dd65eb53d597ce57b7aab58864,2076088,2076088,134565656,2019-05-03 19:43:27
1387402365,55318f3c9d1701566601eeba3b9a76011163222e,50220808,50220808,134894836,2019-05-07 02:29:18
1398499137,1050ebe0e087f327196187fa6b021f39c02407e3,11493083,11493083,136005954,2019-05-17 21:54:46
1404502174,4c36af9a4368ca9090b817d6f3095d7f0fa949b1,44923400,44923400,136520112,2019-05-23 00:34:57
1405473424,71d6cf725f6c933c5ccfef08ef7b2da751a637c9,37091017,37091017,136676719,2019-05-23 17:35:48
1405483525,9bb75ad1c2589955d0b720e98a0a0d7b9a34b79f,47340806,47340806,136678100,2019-05-23 17:45:56
1405483668,20b65f3a5bb16d2b42e1a92cba174d4b56428e31,47340806,47340806,75777657,2019-05-23 17:49:27
1407836814,f13ddb779790a8fb7eff5b361a926e755e2a7633,44768220,44768220,136903809,2019-05-25 21:51:21
1409432583,eb92303d0a3b9f633e2fd69bbc18935ffc322ae0,45601243,45601243,137060430,2019-05-27 13:30:08
1409775543,da2a21e11cc37c61c56243c5f4aaeab27cf54019,34908029,34908029,75786106,2019-05-27 18:53:27
1410844396,d7905822495a9e16fd1165bc3d8ab7a9dec961fa,34747862,34747862,137191472,2019-05-28 14:48:28
1410844836,7d159785b954421e912bbca11b9a8ffe7029cbb9,40782457,40782457,137188454,2019-05-28 14:49:09
1411037013,2df160ef25a7596ac97a532e7d9e60d5a3bf94c4,45237516,45237516,137208140,2019-05-28 17:42:15
1411399483,a6056459d79361dceb575f8a5534de9ebcf7e012,33853486,33853486,137237081,2019-05-29 00:01:31
1412786487,70ed7618246300c577838b6e1f4e8ef4f620154a,12690041,12690041,137366125,2019-05-29 23:45:57
1413913243,6f100b18a98081e55575f732f847086748ffdea9,40237909,40237909,137476567,2019-05-30 20:10:15
1414235269,ea447d379880dc562e8d9492c9926475e7938cc8,45034626,45034626,136304801,2019-05-31 02:33:15
