project_id,tw quantity,pc quantity,tw with pc quantity,tw_with_pc_percentage,cr_improvement_percentage_max,cr_improvement_percentage_mean,cr_improvement_percentage_min,cr_improvement_percentage_std,ipe_improvement_percentage_max,ipe_improvement_percentage_mean,ipe_improvement_percentage_min,ipe_improvement_percentage_std,tw_equal_cr_quantity,tw_improves_cr_quantity,tw_improves_cr_percentage,tw_equal_cr_percentage,tw_equal_ipe_quantity,tw_improves_ipe_quantity,tw_worsen_ipe_quantity,tw_improves_ipe_percentage,tw_equal_ipe_percentage,tw_improves_worsen_percentage
279,36,2282,36,100,1550,528.94,100,313.8,180.65,65.32,-10.06,49.7,0,36,100,0,0,35,1,97.22222222,0,2.777777778
283,23,1377,22,95.65,1800,541.67,0,431.25,368.42,77.79,2.9,84.67,2,20,90.90909091,9.090909091,0,22,0,100,0,0
221,54,2410,44,81.48,1400,270.08,0,277.23,496.77,81.47,-3.04,102.69,6,38,86.36363636,13.63636364,0,43,1,97.72727273,0,2.272727273
656,27,2402,22,81.48,300,123.49,0,117.81,847.01,132.81,0,214.46,8,14,63.63636364,36.36363636,2,20,0,90.90909091,9.090909091,0
264,32,1721,25,78.13,1066.67,327.33,0,322.21,433.33,83.92,1.22,90.9,6,19,76,24,0,25,0,100,0,0
281,37,825,28,75.68,700,233.04,0,222.2,168.25,56.41,-0.87,44.23,5,23,82.14285714,17.85714286,0,27,1,96.42857143,0,3.571428571
956,52,610,38,73.08,500,111.84,0,139.22,1400,189.61,0,284.79,14,24,63.15789474,36.84210526,3,35,0,92.10526316,7.894736842,0
645,70,2828,50,71.43,400,115.33,0,111.11,400,65.42,-29.41,82.06,16,34,68,32,4,41,5,82,8,10
280,38,611,27,71.05,1100,250.62,0,293.97,800,126.94,2.12,162.94,6,21,77.77777778,22.22222222,0,27,0,100,0,0
255,55,555,39,70.91,900,177.78,0,197.7,1200,131.96,-17.96,225.57,7,32,82.05128205,17.94871795,0,37,2,94.87179487,0,5.128205128
1000,13,228,9,69.23,800,233.33,0,278.39,720,143,8.79,222.25,3,6,66.66666667,33.33333333,0,9,0,100,0,0
146,115,13093,75,65.22,1633.33,573.29,0,348,430.43,77.66,4.39,77.1,4,71,94.66666667,5.333333333,0,75,0,100,0,0
19,70,8343,45,64.29,1366.67,346.07,0,312.39,642.86,122.96,-20.71,142.7,9,36,80,20,1,42,2,93.33333333,2.222222222,4.444444444
224,48,617,30,62.5,1000,351.67,0,286.62,478.36,128.4,2.42,132.9,4,26,86.66666667,13.33333333,0,30,0,100,0,0
259,52,1076,32,61.54,1300,296.61,0,286.88,933.33,132.72,2.96,189.71,7,25,78.125,21.875,0,32,0,100,0,0
176,93,5210,57,61.29,1000,282.75,0,212.94,733.33,108.11,-0.06,119.05,4,53,92.98245614,7.01754386,0,56,1,98.24561404,0,1.754385965
124,36,697,22,61.11,1300,222.73,0,288.15,275,87.1,0,68.79,6,16,72.72727273,27.27272727,1,21,0,95.45454545,4.545454545,0
122,128,2911,76,59.38,500,112.61,0,93.66,700,78.41,-32.53,121.07,13,63,82.89473684,17.10526316,0,73,3,96.05263158,0,3.947368421
914,59,708,35,59.32,500,129.76,0,141.24,466.67,61.29,-34.55,96.4,11,24,68.57142857,31.42857143,5,26,4,74.28571429,14.28571429,11.42857143
218,80,335,47,58.75,700,100.71,0,144.42,933.33,127.81,0,189.04,22,25,53.19148936,46.80851064,2,45,0,95.74468085,4.255319149,0
48,174,13463,97,55.75,2000,545.07,0,412.56,2550,115.51,5.79,298.3,8,89,91.75257732,8.24742268,0,97,0,100,0,0
1013,35,504,19,54.29,1000,222.81,0,273.82,582.35,120.57,16.67,137.81,5,14,73.68421053,26.31578947,0,19,0,100,0,0
45,146,13608,75,51.37,2000,354.67,0,300.51,414.29,67.89,-4.1,69.52,7,68,90.66666667,9.333333333,1,71,3,94.66666667,1.333333333,4
132,103,1014,52,50.49,1100,200.32,0,204.14,1800,126.89,-23.81,263.86,10,42,80.76923077,19.23076923,2,45,5,86.53846154,3.846153846,9.615384615
100,106,911,52,49.06,500,118.43,0,126.13,950,87.03,-3.57,146.06,15,37,71.15384615,28.84615385,1,50,1,96.15384615,1.923076923,1.923076923
125,127,1242,62,48.82,450,101.96,0,99.94,700,78.48,-16.56,107.08,17,45,72.58064516,27.41935484,3,58,1,93.5483871,4.838709677,1.612903226
266,39,2341,19,48.72,500,182.46,0,163.06,276.47,85.47,13.75,69.49,5,14,73.68421053,26.31578947,0,19,0,100,0,0
91,101,716,49,48.51,900,253.06,0,229.75,3800,179.19,-17.2,556.29,7,42,85.71428571,14.28571429,3,42,4,85.71428571,6.12244898,8.163265306
67,157,885,75,47.77,1100,414.31,0,253.73,520,77.33,-4.59,74.85,5,70,93.33333333,6.666666667,1,73,1,97.33333333,1.333333333,1.333333333
252,61,88,29,47.54,600,156.9,0,162.42,2600,293.83,0,508.1,8,21,72.4137931,27.5862069,1,28,0,96.55172414,3.448275862,0
265,36,141,17,47.22,300,70.59,0,84.89,516.67,112.65,-0.83,142.85,8,9,52.94117647,47.05882353,0,16,1,94.11764706,0,5.882352941
166,102,3416,48,47.06,900,209.72,0,202.96,1700,120.77,-4.48,274.36,12,36,75,25,2,44,2,91.66666667,4.166666667,4.166666667
958,66,914,31,46.97,500,95.16,0,116.44,833.33,87.21,0,158.82,12,19,61.29032258,38.70967742,3,28,0,90.32258065,9.677419355,0
209,82,1851,38,46.34,900,206.14,0,234.31,750,96.65,-10,145.91,14,24,63.15789474,36.84210526,1,36,1,94.73684211,2.631578947,2.631578947
827,306,6578,140,45.75,1400,261.9,0,298.91,1900,143.47,0,270.43,44,96,68.57142857,31.42857143,2,138,0,98.57142857,1.428571429,0
232,67,470,30,44.78,600,147.78,0,168.03,633.33,120.88,-3.57,164.52,9,21,70,30,0,29,1,96.66666667,0,3.333333333
35,186,12016,83,44.62,800,143.94,0,155.28,850,101.65,0,123.91,24,59,71.08433735,28.91566265,5,78,0,93.97590361,6.024096386,0
229,74,1045,33,44.59,850,230.81,0,205.06,728.57,119.99,2.33,160.3,6,27,81.81818182,18.18181818,0,33,0,100,0,0
1025,25,1076,11,44,466.67,168.18,0,164.39,275.37,69.37,4.22,77.39,4,7,63.63636364,36.36363636,0,11,0,100,0,0
847,88,606,38,43.18,300,59.21,0,78.72,1500,175.19,0,262.84,20,18,47.36842105,52.63157895,3,35,0,92.10526316,7.894736842,0
248,65,479,28,43.08,800,265.48,0,224.75,310.81,95.01,-13.12,98.66,5,23,82.14285714,17.85714286,1,26,1,92.85714286,3.571428571,3.571428571
63,164,2,69,42.07,1200,221.62,0,267.92,1150,139.22,0,196.08,23,46,66.66666667,33.33333333,6,63,0,91.30434783,8.695652174,0
906,92,490,38,41.3,400,112.28,0,118.4,1300,151.53,-5.26,253.62,16,22,57.89473684,42.10526316,3,34,1,89.47368421,7.894736842,2.631578947
210,80,407,33,41.25,900,190.91,0,236.33,2350,229.92,-7.71,453.92,12,21,63.63636364,36.36363636,1,29,3,87.87878788,3.03030303,9.090909091
118,127,6845,52,40.94,1200,271.47,0,215.43,512.91,86.39,4.89,99.54,3,49,94.23076923,5.769230769,0,52,0,100,0,0
664,42,238,17,40.48,500,100,0,122.47,500,75.76,-10.91,117.23,6,11,64.70588235,35.29411765,2,14,1,82.35294118,11.76470588,5.882352941
228,76,420,30,39.47,700,116.11,0,155.46,570.83,97.82,0,141.47,12,18,60,40,3,27,0,90,10,0
428,89,406,35,39.33,900,225.71,0,215.01,800,86.68,-18.18,185.74,6,29,82.85714286,17.14285714,0,32,3,91.42857143,0,8.571428571
744,59,485,23,38.98,300,89.13,0,97.65,650,106.37,0,142.23,11,12,52.17391304,47.82608696,5,18,0,78.26086957,21.73913043,0
561,106,4556,40,37.74,1300,214.38,0,265.91,266.67,47.46,-9.09,63.27,13,27,67.5,32.5,8,29,3,72.5,20,7.5
625,51,304,19,37.25,400,105.26,0,117.73,766.67,185.56,3.23,217.98,8,11,57.89473684,42.10526316,0,19,0,100,0,0
9,219,1932,80,36.53,800,158.13,0,169.78,1900,140.22,-32.45,258.92,27,53,66.25,33.75,4,71,5,88.75,5,6.25
933,74,450,27,36.49,300,44.44,0,88.07,1600,123.78,-25,304.35,19,8,29.62962963,70.37037037,4,22,1,81.48148148,14.81481481,3.703703704
912,95,548,34,35.79,200,64.71,0,74.4,900,90.5,-3.7,171.38,17,17,50,50,4,29,1,85.29411765,11.76470588,2.941176471
270,48,254,17,35.42,400,162.25,0,121.2,940,165.97,2.7,235.89,3,14,82.35294118,17.64705882,0,17,0,100,0,0
609,71,1160,25,35.21,300,84,0,98.66,525,113.44,0,153.64,11,14,56,44,2,23,0,92,8,0
180,80,343,28,35,400,73.21,0,117.44,1466.67,222.01,0,295.59,17,11,39.28571429,60.71428571,1,27,0,96.42857143,3.571428571,0
40,52,290,18,34.62,300,100,0,101.46,440,90.98,-19.67,115.84,7,11,61.11111111,38.88888889,3,14,1,77.77777778,16.66666667,5.555555556
79,156,3,52,33.33,900,222.63,0,224.41,300,64.98,-5.56,70.6,11,41,78.84615385,21.15384615,2,49,1,94.23076923,3.846153846,1.923076923
25,160,19056,53,33.13,1500,605.88,0,378.65,341.21,58.36,-13.5,67.49,3,50,94.33962264,5.660377358,1,51,1,96.22641509,1.886792453,1.886792453
616,70,1046,23,32.86,800,195.65,0,178.32,466.67,124.95,-1.52,137.82,3,20,86.95652174,13.04347826,0,21,2,91.30434783,0,8.695652174
954,84,206,27,32.14,300,79.63,0,78.76,800,158.21,-4.65,181.54,10,17,62.96296296,37.03703704,1,25,1,92.59259259,3.703703704,3.703703704
652,53,672,17,32.08,400,97.06,0,117.89,250,78.53,-17.81,80.75,7,10,58.82352941,41.17647059,2,14,1,82.35294118,11.76470588,5.882352941
968,76,628,24,31.58,700,217.36,0,227.28,450,114.49,1.44,109.1,9,15,62.5,37.5,0,24,0,100,0,0
273,38,153,12,31.58,500,187.5,0,178.54,357.14,110.74,15.07,111.84,2,10,83.33333333,16.66666667,0,12,0,100,0,0
206,88,1060,27,30.68,1100,194.44,0,265.78,441.94,66.85,0,95.4,9,18,66.66666667,33.33333333,3,24,0,88.88888889,11.11111111,0
101,139,1032,42,30.22,375,105.65,0,111.75,1300,114.32,-19.15,204.08,14,28,66.66666667,33.33333333,1,40,1,95.23809524,2.380952381,2.380952381
630,83,242,25,30.12,200,50.67,0,63,300,82.73,0,84.87,13,12,48,52,3,22,0,88,12,0
1008,30,160,9,30,200,72.22,0,83.33,450,159.06,7.64,148.2,4,5,55.55555556,44.44444444,0,9,0,100,0,0
181,84,676,25,29.76,1100,163.33,0,259.67,300,81.78,-16.35,86.91,10,15,60,40,0,22,3,88,0,12
668,41,194,12,29.27,400,79.17,0,126.95,1100,177.21,15.83,299.37,7,5,41.66666667,58.33333333,0,12,0,100,0,0
3,165,1208,48,29.09,900,178.65,0,212.82,2166.67,202.69,0,416.81,16,32,66.66666667,33.33333333,2,46,0,95.83333333,4.166666667,0
868,99,494,28,28.28,900,105.36,0,179.68,400,80.2,-30.77,99.57,11,17,60.71428571,39.28571429,3,24,1,85.71428571,10.71428571,3.571428571
243,57,148,16,28.07,400,93.75,0,106.26,460,118.53,0,120.52,6,10,62.5,37.5,2,14,0,87.5,12.5,0
96,137,2533,38,27.74,1000,168.86,0,216.97,1900,206.76,-6.25,351.94,14,24,63.15789474,36.84210526,0,37,1,97.36842105,0,2.631578947
592,55,266,15,27.27,500,120,0,137.32,1350,160.94,8.57,340.39,5,10,66.66666667,33.33333333,0,15,0,100,0,0
111,133,1004,36,27.07,500,118.06,0,114.74,561.29,99.14,-32.4,126.52,11,25,69.44444444,30.55555556,2,33,1,91.66666667,5.555555556,2.777777778
191,89,181,24,26.97,600,127.08,0,146.69,750,134.61,2.86,183.88,8,16,66.66666667,33.33333333,0,24,0,100,0,0
199,78,382,21,26.92,450,114.29,0,128.59,800,129.12,0,197.08,10,11,52.38095238,47.61904762,2,19,0,90.47619048,9.523809524,0
425,57,834,15,26.32,400,138.89,0,144.57,172.22,57.79,-31.18,49.68,5,10,66.66666667,33.33333333,0,14,1,93.33333333,0,6.666666667
82,306,5255,80,26.14,1000,162.5,0,202.12,1725,175.05,0,311.1,30,50,62.5,37.5,2,78,0,97.5,2.5,0
82,306,489,80,26.14,1000,162.5,0,202.12,1725,175.05,0,311.1,30,50,62.5,37.5,2,78,0,97.5,2.5,0
553,115,1228,30,26.09,400,89.44,0,98.31,250,41.92,-40.19,59.27,11,19,63.33333333,36.66666667,5,21,4,70,16.66666667,13.33333333
599,97,126,25,25.77,200,38,0,56.42,700,162.79,0,203.13,16,9,36,64,1,24,0,96,4,0
993,28,258,7,25,100,28.57,0,48.8,1460,308.45,0,518.01,5,2,28.57142857,71.42857143,2,5,0,71.42857143,28.57142857,0
421,79,1320,19,24.05,400,112.28,0,135.72,700,91.24,0,153.76,8,11,57.89473684,42.10526316,3,16,0,84.21052632,15.78947368,0
165,96,393,23,23.96,600,130.43,0,169.05,566.67,100.45,0,134.69,11,12,52.17391304,47.82608696,1,22,0,95.65217391,4.347826087,0
969,72,390,17,23.61,900,235.29,0,239.64,316.22,77.86,4.29,77.85,3,14,82.35294118,17.64705882,0,17,0,100,0,0
439,188,358,44,23.4,800,88.64,0,171.13,900,82.81,-12.82,157.55,21,23,52.27272727,47.72727273,9,31,4,70.45454545,20.45454545,9.090909091
127,118,474,27,22.88,1100,288.27,0,296.63,500,91.58,0,128.14,4,23,85.18518519,14.81481481,2,25,0,92.59259259,7.407407407,0
720,70,510,16,22.86,500,121.88,0,149.41,700,115.7,-5.48,171.98,6,10,62.5,37.5,0,15,1,93.75,0,6.25
276,31,661,7,22.58,2000,566.67,0,666.67,210.62,67.55,7.14,70.94,1,6,85.71428571,14.28571429,0,7,0,100,0,0
966,63,164,14,22.22,400,67.86,0,115.37,600,157.48,0,179.97,8,6,42.85714286,57.14285714,3,11,0,78.57142857,21.42857143,0
675,18,104,4,22.22,400,250,100,173.21,224.11,73.38,-1.64,102.55,0,4,100,0,0,3,1,75,0,25
410,217,976,48,22.12,700,130.21,0,161.36,600,49.17,-29.41,93.31,19,29,60.41666667,39.58333333,8,34,6,70.83333333,16.66666667,12.5
52,109,174,24,22.02,800,91.67,0,181.58,940,167.72,0,213.96,14,10,41.66666667,58.33333333,1,23,0,95.83333333,4.166666667,0
982,65,68,14,21.54,400,57.14,0,115.79,975,133.26,0,255.05,10,4,28.57142857,71.42857143,4,10,0,71.42857143,28.57142857,0
604,79,380,17,21.52,300,58.82,0,100.37,580,119.68,0,145.53,11,6,35.29411765,64.70588235,1,16,0,94.11764706,5.882352941,0
184,93,345,20,21.51,400,107.5,0,115.02,1000,140.45,2.7,217.49,8,12,60,40,0,20,0,100,0,0
643,70,552,15,21.43,1700,333.33,0,468.53,900,141.95,-11.76,243.89,5,10,66.66666667,33.33333333,1,13,1,86.66666667,6.666666667,6.666666667
649,70,290,15,21.43,100,26.67,0,45.77,1000,167.03,0,329.7,11,4,26.66666667,73.33333333,1,14,0,93.33333333,6.666666667,0
975,70,116,15,21.43,200,46.67,0,74.32,1550,320.28,0,456.92,10,5,33.33333333,66.66666667,1,14,0,93.33333333,6.666666667,0
169,99,550,21,21.21,400,64.29,0,115.26,1700,231.32,-4,384.63,14,7,33.33333333,66.66666667,1,19,1,90.47619048,4.761904762,4.761904762
898,99,334,21,21.21,700,111.9,0,173.14,666.67,120.89,-12.5,159.04,10,11,52.38095238,47.61904762,2,17,2,80.95238095,9.523809524,9.523809524
29,196,19106,41,20.92,1600,478.86,0,396.25,850,101.24,0,141.13,7,34,82.92682927,17.07317073,2,39,0,95.12195122,4.87804878,0
919,77,2024,16,20.78,600,197.92,0,203.48,300,63.55,0,73.01,6,10,62.5,37.5,1,15,0,93.75,6.25,0
39,112,908,23,20.54,300,52.17,0,79.03,1300,217.49,6.25,310.06,14,9,39.13043478,60.86956522,0,23,0,100,0,0
660,44,188,9,20.45,50,5.56,0,16.67,1500,259.77,21.43,477.56,8,1,11.11111111,88.88888889,0,9,0,100,0,0
962,44,132,9,20.45,200,50,0,70.71,2800,419.91,25,896.73,5,4,44.44444444,55.55555556,0,9,0,100,0,0
899,98,622,20,20.41,600,120,0,158.45,219.44,55.69,0,64.17,8,12,60,40,2,18,0,90,10,0
429,201,371,41,20.4,200,46.34,0,68.37,400,62.88,0,93.04,26,15,36.58536585,63.41463415,12,29,0,70.73170732,29.26829268,0
392,86,146,17,19.77,400,64.71,0,105.72,1366.67,146.97,0,321.99,10,7,41.17647059,58.82352941,3,14,0,82.35294118,17.64705882,0
102,86,45,17,19.77,700,102.94,0,168.14,1800,267.52,8.64,426.95,7,10,58.82352941,41.17647059,0,17,0,100,0,0
587,66,2186,13,19.7,500,161.54,0,175.78,566.67,97.5,-5.88,159.89,5,8,61.53846154,38.46153846,1,11,1,84.61538462,7.692307692,7.692307692
704,112,532,22,19.64,400,113.64,0,128.34,300,42.29,-20,82.67,10,12,54.54545455,45.45454545,9,11,2,50,40.90909091,9.090909091
860,82,512,16,19.51,700,128.13,0,180.71,461.11,108.96,0,153.09,7,9,56.25,43.75,3,13,0,81.25,18.75,0
547,94,180,18,19.15,200,47.22,0,60.57,766.67,99.62,-4.76,179.93,10,8,44.44444444,55.55555556,2,15,1,83.33333333,11.11111111,5.555555556
583,68,1178,13,19.12,300,138.46,0,110.22,420,121.72,-7.23,148.3,2,11,84.61538462,15.38461538,1,11,1,84.61538462,7.692307692,7.692307692
76,157,111,30,19.11,1500,261.11,0,336.09,1452,132.57,0,267.61,10,20,66.66666667,33.33333333,1,29,0,96.66666667,3.333333333,0
128,121,627,23,19.01,400,117.39,0,123.96,550,156.24,0,169.8,8,15,65.2173913,34.7826087,1,22,0,95.65217391,4.347826087,0
167,95,163,18,18.95,300,130.56,0,101.66,450,134.81,-10.77,133.07,5,13,72.22222222,27.77777778,1,16,1,88.88888889,5.555555556,5.555555556
873,102,356,19,18.63,700,81.58,0,164.33,500,75.77,0,133.46,11,8,42.10526316,57.89473684,1,18,0,94.73684211,5.263157895,0
897,71,66,13,18.31,300,53.85,0,87.71,1800,381.38,0,534.44,8,5,38.46153846,61.53846154,1,12,0,92.30769231,7.692307692,0
777,67,150,12,17.91,800,116.67,0,224.96,162.92,62.03,-5.26,53.79,6,6,50,50,1,10,1,83.33333333,8.333333333,8.333333333
126,123,365,22,17.89,650,178.41,0,188.08,1757.14,205.6,0,387.38,7,15,68.18181818,31.81818182,1,21,0,95.45454545,4.545454545,0
138,118,107,21,17.8,300,71.43,0,94.3,950,151.52,0,211.83,11,10,47.61904762,52.38095238,1,20,0,95.23809524,4.761904762,0
663,51,140,9,17.65,100,33.33,0,50,1200,233.76,0,399.29,6,3,33.33333333,66.66666667,1,8,0,88.88888889,11.11111111,0
53,160,1179,28,17.5,400,55.36,0,91.63,400,86.86,-14.29,107.08,17,11,39.28571429,60.71428571,3,24,1,85.71428571,10.71428571,3.571428571
900,95,290,16,16.84,200,59.38,0,75.76,2500,347.12,14.29,619.71,9,7,43.75,56.25,0,16,0,100,0,0
696,120,226,20,16.67,300,75.83,0,90.4,700,154.83,0,205.58,10,10,50,50,3,17,0,85,15,0
1014,30,86,5,16.67,700,180,0,294.96,475,134.04,-37.31,202.86,2,3,60,40,0,4,1,80,0,20
225,74,592,12,16.22,433.33,247.22,100,101.71,263.64,77.19,6.87,72.53,0,12,100,0,0,12,0,100,0,0
626,74,290,12,16.22,200,33.33,0,65.13,700,183.88,0,205.18,9,3,25,75,2,10,0,83.33333333,16.66666667,0
999,50,234,8,16,400,175,0,166.9,159.62,70.57,17.65,44.82,2,6,75,25,0,8,0,100,0,0
23,201,3727,32,15.92,500,134.38,0,157.83,866.67,122.27,0,171.18,13,19,59.375,40.625,1,31,0,96.875,3.125,0
141,63,114,10,15.87,100,15,0,33.75,343.48,125.46,2.58,102.62,8,2,20,80,0,10,0,100,0,0
629,82,300,13,15.85,200,46.15,0,66.02,1366.67,289.94,0,350.91,8,5,38.46153846,61.53846154,1,12,0,92.30769231,7.692307692,0
149,102,189,16,15.69,533.33,114.58,0,151.52,1120,224.11,3.33,299.12,7,9,56.25,43.75,0,16,0,100,0,0
728,115,298,18,15.65,300,91.67,0,111.47,1600,175.46,-30.77,372.02,9,9,50,50,2,15,1,83.33333333,11.11111111,5.555555556
795,128,524,20,15.63,900,170,0,279.28,550,77.47,0,124.61,10,10,50,50,4,16,0,80,20,0
853,78,1100,12,15.38,350,133.33,0,113.48,633.33,163.08,-8.86,200.05,3,9,75,25,0,11,1,91.66666667,0,8.333333333
172,65,46,10,15.38,200,70,0,82.33,263.64,126.7,14.71,79.56,5,5,50,50,0,10,0,100,0,0
633,79,84,12,15.19,200,33.33,0,65.13,400,126.3,0,145.13,9,3,25,75,2,10,0,83.33333333,16.66666667,0
789,128,196,19,14.84,200,34.21,0,60.21,500,132.8,0,164.47,13,6,31.57894737,68.42105263,4,15,0,78.94736842,21.05263158,0
64,75,2043,11,14.67,700,181.82,0,218.26,240.74,62.53,-22.35,87.58,4,7,63.63636364,36.36363636,0,10,1,90.90909091,0,9.090909091
16,203,10792,29,14.29,800,206.9,0,216.6,700,132.39,-24.09,169.39,7,22,75.86206897,24.13793103,0,26,3,89.65517241,0,10.34482759
628,77,598,11,14.29,850,368.18,0,350.19,253.85,66.09,18.4,68.65,4,7,63.63636364,36.36363636,0,11,0,100,0,0
196,77,540,11,14.29,550,193.94,0,226.36,314.29,122.79,15.63,106.47,4,7,63.63636364,36.36363636,0,11,0,100,0,0
572,105,276,15,14.29,300,60,0,96.73,766.67,114.06,-14.29,197.22,9,6,40,60,3,11,1,73.33333333,20,6.666666667
187,92,180,13,14.13,400,84.62,0,114.35,1893.1,436.22,2.39,661.68,6,7,53.84615385,46.15384615,0,13,0,100,0,0
935,50,96,7,14,100,35.71,0,47.56,275,81.55,0,102.09,4,3,42.85714286,57.14285714,1,6,0,85.71428571,14.28571429,0
917,79,84,11,13.92,400,54.55,0,129.33,700,221.87,0,234.33,9,2,18.18181818,81.81818182,1,10,0,90.90909091,9.090909091,0
504,126,203,17,13.49,200,41.18,0,71.23,200,63.77,-7.69,68.43,12,5,29.41176471,70.58823529,3,13,1,76.47058824,17.64705882,5.882352941
846,83,324,11,13.25,200,86.36,0,83.94,218.75,61.2,0,78.95,4,7,63.63636364,36.36363636,2,9,0,81.81818182,18.18181818,0
235,68,30,9,13.24,100,33.33,0,50,2400,429.3,0,762.8,6,3,33.33333333,66.66666667,1,8,0,88.88888889,11.11111111,0
820,61,154,8,13.11,100,50,0,53.45,550,158.11,14.29,176.89,4,4,50,50,0,8,0,100,0,0
286,100,134,13,13,100,7.69,0,27.74,1900,434.71,0,557.26,12,1,7.692307692,92.30769231,1,12,0,92.30769231,7.692307692,0
57,170,6336,22,12.94,400,94.09,0,129.49,4700,501.77,3.33,1257.26,12,10,45.45454545,54.54545455,0,22,0,100,0,0
485,156,72,20,12.82,300,40,0,82.08,300,86.88,0,105.04,15,5,25,75,6,14,0,70,30,0
109,110,709,14,12.73,2900,1027.98,0,723.46,127.1,62.17,1.38,40.61,1,13,92.85714286,7.142857143,0,14,0,100,0,0
261,55,53,7,12.73,100,14.29,0,37.8,500,208.68,13.79,184.77,6,1,14.28571429,85.71428571,0,7,0,100,0,0
705,198,519,25,12.63,400,60,0,115.47,200,25.44,0,46.64,18,7,28,72,14,11,0,44,56,0
158,104,174,13,12.5,100,15.38,0,37.55,700,120.54,2.5,199.92,11,2,15.38461538,84.61538462,0,13,0,100,0,0
1023,24,74,3,12.5,150,83.33,0,76.38,306.67,143.17,53.52,141.82,1,2,66.66666667,33.33333333,0,3,0,100,0,0
71,160,11,20,12.5,400,70,0,103.11,800,133.53,-16.46,243.78,11,9,45,55,4,15,1,75,20,5
411,218,616,27,12.39,900,96.3,0,180.77,800,119.7,-11.11,209.85,14,13,48.14814815,51.85185185,6,19,2,70.37037037,22.22222222,7.407407407
117,131,50,16,12.21,400,62.5,0,108.78,172.22,66.05,0,58.92,10,6,37.5,62.5,2,14,0,87.5,12.5,0
796,82,580,10,12.2,300,110,0,110.05,1116.67,282.96,0,347.82,4,6,60,40,1,9,0,90,10,0
738,140,411,17,12.14,800,214.71,0,266.79,500,117.26,-20,142.47,6,11,64.70588235,35.29411765,1,14,2,82.35294118,5.882352941,11.76470588
747,99,407,12,12.12,100,40.28,0,46.85,1150,139.8,-3.39,322.29,6,6,50,50,2,9,1,75,16.66666667,8.333333333
582,101,454,12,11.88,250,70.83,0,96.43,542.86,127.96,0,153.43,7,5,41.66666667,58.33333333,1,11,0,91.66666667,8.333333333,0
58,161,4613,19,11.8,600,144.74,0,187.75,607.69,111.41,-7.69,166.71,10,9,47.36842105,52.63157895,3,15,1,78.94736842,15.78947368,5.263157895
17,196,4356,23,11.73,300,106.52,0,109.03,725,125.43,2.33,171,8,15,65.2173913,34.7826087,0,23,0,100,0,0
226,78,457,9,11.54,600,94.44,0,200.69,166.67,71.33,0,54.32,6,3,33.33333333,66.66666667,1,8,0,88.88888889,11.11111111,0
46,174,948,20,11.49,900,212.5,0,267.48,950,145.78,-8,216.46,6,14,70,30,0,19,1,95,0,5
163,96,169,11,11.46,400,127.27,0,155.51,600,208.61,13.51,188.1,6,5,45.45454545,54.54545455,0,11,0,100,0,0
159,79,61,9,11.39,100,11.11,0,33.33,380,102.66,16.67,119.91,8,1,11.11111111,88.88888889,0,9,0,100,0,0
133,123,2427,14,11.38,1650,744.05,0,580.88,330.52,112.97,11.63,93.37,3,11,78.57142857,21.42857143,0,14,0,100,0,0
929,88,50,10,11.36,200,30,0,67.49,1800,254.59,0,546.88,8,2,20,80,1,9,0,90,10,0
49,177,3397,20,11.3,1200,487,0,344.87,419.7,75.46,-7.27,107.74,1,19,95,5,1,17,2,85,5,10
569,98,136,11,11.22,100,63.64,0,50.45,433.33,175.86,-9.14,163.55,4,7,63.63636364,36.36363636,1,8,2,72.72727273,9.090909091,18.18181818
640,54,128,6,11.11,900,208.33,0,347.01,866.67,216.89,26.98,324.39,2,4,66.66666667,33.33333333,0,6,0,100,0,0
647,63,118,7,11.11,400,128.57,0,134.96,206.57,92.05,0,69.86,1,6,85.71428571,14.28571429,1,6,0,85.71428571,14.28571429,0
90,162,115,18,11.11,500,83.33,0,142.46,800,118.02,-2.04,210.55,11,7,38.88888889,61.11111111,2,15,1,83.33333333,11.11111111,5.555555556
558,72,74,8,11.11,300,81.25,0,106.7,200,50.44,0,65.91,4,4,50,50,1,7,0,87.5,12.5,0
650,45,64,5,11.11,100,40,0,54.77,1250,351.49,14.29,516.87,3,2,40,60,0,5,0,100,0,0
771,127,198,14,11.02,100,14.29,0,36.31,400,95.53,0,105.52,12,2,14.28571429,85.71428571,3,11,0,78.57142857,21.42857143,0
72,83,66,9,10.84,200,88.89,0,60.09,458.33,130.73,10.89,145.13,2,7,77.77777778,22.22222222,0,9,0,100,0,0
974,74,32,8,10.81,100,25,0,46.29,433.33,135.54,0,130.57,6,2,25,75,1,7,0,87.5,12.5,0
482,158,346,17,10.76,900,179.9,0,247.54,360,96.4,0,88.93,4,13,76.47058824,23.52941176,1,16,0,94.11764706,5.882352941,0
764,150,270,16,10.67,500,92.71,0,154.08,500,80.66,0,131.87,10,6,37.5,62.5,4,12,0,75,25,0
256,59,48,6,10.17,150,25,0,61.24,210,104.54,3.7,71.2,5,1,16.66666667,83.33333333,0,6,0,100,0,0
527,119,293,12,10.08,300,45.83,0,89.08,566.67,92.21,-32.77,159.67,8,4,33.33333333,66.66666667,2,9,1,75,16.66666667,8.333333333
65,161,269,16,9.94,1100,185.42,0,303.06,1950,258.96,0,478.64,7,9,56.25,43.75,1,15,0,93.75,6.25,0
219,81,26,8,9.88,800,137.5,0,272.23,261.54,82.27,0,85.02,4,4,50,50,1,7,0,87.5,12.5,0
190,92,64,9,9.78,300,105.56,0,95.01,400,125.59,15.38,124.84,2,7,77.77777778,22.22222222,0,9,0,100,0,0
896,82,102,8,9.76,200,75,0,70.71,242.86,81.55,0,84.7,3,5,62.5,37.5,1,7,0,87.5,12.5,0
525,82,52,8,9.76,100,12.5,0,35.36,141.67,78.77,0,52.36,7,1,12.5,87.5,1,7,0,87.5,12.5,0
610,82,22,8,9.76,100,12.5,0,35.36,400,112.6,0,135.66,7,1,12.5,87.5,2,6,0,75,25,0
566,103,364,10,9.71,300,60,0,107.5,1050,241.72,14.29,314.02,7,3,30,70,0,10,0,100,0,0
576,103,96,10,9.71,300,60,0,96.61,334.21,100.51,0,113.22,6,4,40,60,2,8,0,80,20,0
275,42,35,4,9.52,200,50,0,100,383.33,132.41,22.26,170.58,3,1,25,75,0,4,0,100,0,0
550,85,196,8,9.41,100,25,0,46.29,514.29,261.04,2.22,198.53,6,2,25,75,0,8,0,100,0,0
850,85,96,8,9.41,400,87.5,0,145.77,350,123.5,9.09,105.1,5,3,37.5,62.5,0,8,0,100,0,0
4,224,588,21,9.38,550,125.4,0,174.05,500,130.3,0,141.51,11,10,47.61904762,52.38095238,3,18,0,85.71428571,14.28571429,0
12,192,450,18,9.38,500,100,0,141.42,725,250.35,5.26,209.97,8,10,55.55555556,44.44444444,0,18,0,100,0,0
174,64,42,6,9.38,100,16.67,0,40.82,376.92,176.84,33.33,145.7,5,1,16.66666667,83.33333333,0,6,0,100,0,0
2,227,2829,21,9.25,800,166.67,0,201.45,1700,250.05,9.26,403.69,6,15,71.42857143,28.57142857,0,21,0,100,0,0
904,87,38,8,9.2,150,56.25,0,62.32,225,66.55,0,83.61,4,4,50,50,2,6,0,75,25,0
89,89,144,8,8.99,600,175,0,237.55,270.59,117.97,7.14,94.28,3,5,62.5,37.5,0,8,0,100,0,0
22,201,243,18,8.96,200,25,0,54.91,700,128.49,0,173.72,14,4,22.22222222,77.77777778,3,15,0,83.33333333,16.66666667,0
992,56,108,5,8.93,400,100,0,173.21,500,179.74,53.85,186.9,3,2,40,60,0,5,0,100,0,0
8,79,35,7,8.86,100,21.43,0,39.34,196.24,76.58,0,78.93,5,2,28.57142857,71.42857143,1,6,0,85.71428571,14.28571429,0
965,57,156,5,8.77,100,20,0,44.72,700,192.55,-1.54,303.04,4,1,20,80,1,3,1,60,20,20
533,103,386,9,8.74,100,33.33,0,50,1633.33,236.1,5.26,527.99,6,3,33.33333333,66.66666667,0,9,0,100,0,0
237,69,18,6,8.7,100,16.67,0,40.82,766.67,200.13,10,284.92,5,1,16.66666667,83.33333333,0,6,0,100,0,0
459,46,10,4,8.7,100,25,0,50,500,236.67,60,205.8,3,1,25,75,0,4,0,100,0,0
837,117,36,10,8.55,100,30,0,48.3,700,163.92,-30.77,234.39,7,3,30,70,0,9,1,90,0,10
175,98,85,8,8.16,200,58.33,0,90.41,73.33,39.23,2.18,25.78,5,3,37.5,62.5,0,8,0,100,0,0
925,86,210,7,8.14,100,14.29,0,37.8,550,234.54,33.33,200.88,6,1,14.28571429,85.71428571,0,7,0,100,0,0
859,111,178,9,8.11,500,211.11,0,176.38,148.28,59.21,0,41.2,3,6,66.66666667,33.33333333,1,8,0,88.88888889,11.11111111,0
780,148,152,12,8.11,200,32.5,0,68.37,60,21.94,0,21.2,9,3,25,75,4,8,0,66.66666667,33.33333333,0
427,200,188,16,8,400,131.25,0,125,540,157.28,15.44,147.63,5,11,68.75,31.25,0,16,0,100,0,0
416,141,232,11,7.8,100,40.91,0,49.08,350,98.58,-5.26,121.56,6,5,45.45454545,54.54545455,1,9,1,81.81818182,9.090909091,9.090909091
474,161,460,12,7.45,500,82.74,0,157.3,257.14,68.82,0,72.97,7,5,41.66666667,58.33333333,3,9,0,75,25,0
94,135,152,10,7.41,200,100,0,81.65,310.16,104.13,4,117.05,3,7,70,30,0,10,0,100,0,0
815,82,244,6,7.32,200,50,0,83.67,536.36,96.16,-9.43,216.19,4,2,33.33333333,66.66666667,2,3,1,50,33.33333333,16.66666667
524,124,446,9,7.26,500,77.78,0,162.23,150,64.32,0,53.95,5,4,44.44444444,55.55555556,2,7,0,77.77777778,22.22222222,0
213,69,64,5,7.25,400,140,0,194.94,1050,270.68,11.29,439.49,3,2,40,60,0,5,0,100,0,0
86,152,112,11,7.24,500,81.82,0,166.24,420,88.12,0,125.09,8,3,27.27272727,72.72727273,3,8,0,72.72727273,27.27272727,0
784,139,1314,10,7.19,400,150,0,163.49,126.56,33.54,0,43.66,3,7,70,30,1,9,0,90,10,0
848,112,250,8,7.14,300,37.5,0,106.07,600,145,0,203.68,7,1,12.5,87.5,3,5,0,62.5,37.5,0
108,126,203,9,7.14,300,55.56,0,113.04,68.57,35.94,0,26.25,7,2,22.22222222,77.77777778,1,8,0,88.88888889,11.11111111,0
857,112,126,8,7.14,500,112.5,0,188.51,300,121.68,5.88,93.72,5,3,37.5,62.5,0,8,0,100,0,0
590,99,34,7,7.07,100,42.86,0,53.45,500,216.19,86.67,179.22,4,3,42.85714286,57.14285714,0,7,0,100,0,0
409,156,524,11,7.05,300,72.73,0,87.65,273.33,72.24,0,77.44,4,7,63.63636364,36.36363636,1,10,0,90.90909091,9.090909091,0
145,114,1618,8,7.02,300,79.17,0,105.31,102.7,47.61,22.91,28.61,4,4,50,50,0,8,0,100,0,0
552,115,28,8,6.96,100,25,0,46.29,380,120,0,126.58,6,2,25,75,1,7,0,87.5,12.5,0
737,188,744,13,6.91,1050,334.62,0,355.54,140,26.4,-31.71,46.74,4,9,69.23076923,30.76923077,1,9,3,69.23076923,7.692307692,23.07692308
18,203,269,14,6.9,200,35.71,0,63.33,533.33,150.05,20,161.45,10,4,28.57142857,71.42857143,0,14,0,100,0,0
47,175,196,12,6.86,600,83.33,0,174.95,300,75.32,-1.37,95.7,8,4,33.33333333,66.66666667,3,8,1,66.66666667,25,8.333333333
926,88,218,6,6.82,850,358.33,0,292.26,500,158.92,-8.07,181.97,1,5,83.33333333,16.66666667,0,5,1,83.33333333,0,16.66666667
195,88,73,6,6.82,1000,200,0,400,100,41.3,8.11,31.17,4,2,33.33333333,66.66666667,0,6,0,100,0,0
5,193,141,13,6.74,300,76.92,0,101.27,200,78.1,0,61.89,7,6,46.15384615,53.84615385,1,12,0,92.30769231,7.692307692,0
585,104,472,7,6.73,500,91.33,0,183.69,90.15,29.53,0,33.51,3,4,57.14285714,42.85714286,1,6,0,85.71428571,14.28571429,0
31,135,1459,9,6.67,775,188.89,0,253.14,900,152.95,0,291.25,4,5,55.55555556,44.44444444,1,8,0,88.88888889,11.11111111,0
794,138,96,9,6.52,400,44.44,0,133.33,250,71.08,0,79.83,8,1,11.11111111,88.88888889,3,6,0,66.66666667,33.33333333,0
915,46,24,3,6.52,0,0,0,0,700,250.19,18.75,389.6,3,0,0,100,0,3,0,100,0,0
702,200,185,13,6.5,100,23.08,0,43.85,220,77.78,0,65.44,10,3,23.07692308,76.92307692,2,11,0,84.61538462,15.38461538,0
161,78,13,5,6.41,200,60,0,89.44,600,174.46,1.28,243.11,3,2,40,60,0,5,0,100,0,0
30,188,131,12,6.38,100,29.17,0,45.02,400,102.72,-7.41,124.3,8,4,33.33333333,66.66666667,3,8,1,66.66666667,25,8.333333333
114,110,82,7,6.36,400,71.43,0,149.6,566.67,153.8,0,191.31,5,2,28.57142857,71.42857143,1,6,0,85.71428571,14.28571429,0
1020,32,24,2,6.25,0,0,0,0,75,49.27,23.53,36.39,2,0,0,100,0,2,0,100,0,0
706,225,136,14,6.22,500,71.43,0,132.6,500,74.03,-20,127.74,8,6,42.85714286,57.14285714,2,11,1,78.57142857,14.28571429,7.142857143
398,227,222,14,6.17,400,82.14,0,123.42,500,69.76,0,129.21,7,7,50,50,2,12,0,85.71428571,14.28571429,0
11,229,139,14,6.11,100,28.57,0,46.88,1100,251.74,25,289.78,10,4,28.57142857,71.42857143,0,14,0,100,0,0
598,82,168,5,6.1,0,0,0,0,425,131.76,18.87,165.75,5,0,0,100,0,5,0,100,0,0
491,33,32,2,6.06,100,50,0,70.71,350,250,150,141.42,1,1,50,50,0,2,0,100,0,0
1019,33,26,2,6.06,300,150,0,212.13,450,338.8,227.6,157.26,1,1,50,50,0,2,0,100,0,0
826,99,22,6,6.06,100,16.67,0,40.82,183.33,77.19,0,74.47,5,1,16.66666667,83.33333333,1,5,0,83.33333333,16.66666667,0
408,216,712,13,6.02,2000,476.92,0,621.7,700,118.3,-10.71,193.71,5,8,61.53846154,38.46153846,1,11,1,84.61538462,7.692307692,7.692307692
570,100,40,6,6,100,33.33,0,51.64,250,75.32,14.29,91.19,4,2,33.33333333,66.66666667,0,6,0,100,0,0
571,101,828,6,5.94,200,66.67,0,81.65,133.33,74.31,13.33,49.76,3,3,50,50,0,6,0,100,0,0
20,202,110,12,5.94,200,37.5,0,64.4,188.89,59.47,0,57.44,8,4,33.33333333,66.66666667,2,10,0,83.33333333,16.66666667,0
838,118,24,7,5.93,100,28.57,0,48.8,1200,265.14,14.29,416.64,5,2,28.57142857,71.42857143,0,7,0,100,0,0
437,187,202,11,5.88,200,45.45,0,68.76,178.57,53.29,0,69.66,7,4,36.36363636,63.63636364,4,7,0,63.63636364,36.36363636,0
697,225,332,13,5.78,200,46.15,0,77.63,250,99.22,0,77.04,9,4,30.76923077,69.23076923,1,12,0,92.30769231,7.692307692,0
579,104,28,6,5.77,100,16.67,0,40.82,300,101.98,0,111.38,5,1,16.66666667,83.33333333,1,5,0,83.33333333,16.66666667,0
658,52,11,3,5.77,100,33.33,0,57.74,116.67,52.57,20,55.51,2,1,33.33333333,66.66666667,0,3,0,100,0,0
575,105,74,6,5.71,100,16.67,0,40.82,500,166.95,-31.65,224.79,5,1,16.66666667,83.33333333,1,4,1,66.66666667,16.66666667,16.66666667
761,106,96,6,5.66,1100,283.33,0,430.89,409.71,143.5,13.21,148.51,3,3,50,50,0,6,0,100,0,0
211,53,19,3,5.66,0,0,0,0,92.31,68.2,25.93,36.73,3,0,0,100,0,3,0,100,0,0
27,196,120,11,5.61,500,100,0,159.69,200,71.91,0,68.37,5,6,54.54545455,45.45454545,1,10,0,90.90909091,9.090909091,0
468,163,372,9,5.52,400,66.67,0,141.42,700,160.31,45.16,206.01,7,2,22.22222222,77.77777778,0,9,0,100,0,0
87,127,270,7,5.51,500,135.71,0,174.91,605.88,157.1,19.05,221.04,2,5,71.42857143,28.57142857,0,7,0,100,0,0
923,91,44,5,5.49,0,0,0,0,900,225.36,12.5,378.4,5,0,0,100,0,5,0,100,0,0
43,182,33,10,5.49,200,40,0,69.92,140,57.65,6.06,51.88,7,3,30,70,0,10,0,100,0,0
497,73,30,4,5.48,200,75,0,95.74,86.49,48.11,0,37.46,2,2,50,50,1,3,0,75,25,0
612,92,12,5,5.43,0,0,0,0,200,134.29,0,83.05,5,0,0,100,1,4,0,80,20,0
397,222,803,12,5.41,100,16.67,0,38.92,700,96.66,0,196.81,10,2,16.66666667,83.33333333,6,6,0,50,50,0
205,74,16,4,5.41,100,50,0,57.74,300,157.37,93.75,96.87,2,2,50,50,0,4,0,100,0,0
466,167,100,9,5.39,200,44.44,0,72.65,420,111.44,-10.81,142.16,6,3,33.33333333,66.66666667,1,7,1,77.77777778,11.11111111,11.11111111
559,93,28,5,5.38,100,26.67,0,43.46,333.33,104.48,3.85,142.13,3,2,40,60,0,5,0,100,0,0
475,149,28,8,5.37,100,12.5,0,35.36,220,78.07,0,82.72,7,1,12.5,87.5,1,7,0,87.5,12.5,0
207,75,4,4,5.33,0,0,0,0,100,51,26.67,34.07,4,0,0,100,0,4,0,100,0,0
463,171,207,9,5.26,800,144.44,0,254.27,566.67,142.69,-14.84,177.8,4,5,55.55555556,44.44444444,0,8,1,88.88888889,0,11.11111111
605,95,86,5,5.26,0,0,0,0,480,128.73,0,200.99,5,0,0,100,2,3,0,60,40,0
418,210,50,11,5.24,200,36.36,0,67.42,400,144.28,0,140.66,8,3,27.27272727,72.72727273,2,9,0,81.81818182,18.18181818,0
551,115,126,6,5.22,800,200,0,303.32,360,105.62,15.77,137.17,2,4,66.66666667,33.33333333,0,6,0,100,0,0
104,134,17,7,5.22,100,42.86,0,53.45,5900,906.92,25,2202.2,4,3,42.85714286,57.14285714,0,7,0,100,0,0
460,173,572,9,5.2,100,11.11,0,33.33,533.33,152.66,0,160.14,8,1,11.11111111,88.88888889,1,8,0,88.88888889,11.11111111,0
498,77,84,4,5.19,200,150,0,100,300,145.01,33.33,111.77,1,3,75,25,0,4,0,100,0,0
765,312,58,16,5.13,100,62.5,0,50,350,102.98,0,120.84,6,10,62.5,37.5,2,14,0,87.5,12.5,0
1028,312,58,16,5.13,100,62.5,0,50,350,102.98,0,120.84,6,10,62.5,37.5,2,14,0,87.5,12.5,0
1028,312,2,16,5.13,100,62.5,0,50,350,102.98,0,120.84,6,10,62.5,37.5,2,14,0,87.5,12.5,0
563,98,42,5,5.1,0,0,0,0,600,144,0,258.22,5,0,0,100,2,3,0,60,40,0
595,98,28,5,5.1,100,20,0,44.72,900,267.27,0,361.05,4,1,20,80,1,4,0,80,20,0
689,217,156,11,5.07,500,95.45,0,149.09,700,188.3,13.21,202.18,5,6,54.54545455,45.45454545,0,11,0,100,0,0
540,119,366,6,5.04,100,33.33,0,51.64,288.46,119.35,14.29,109.3,4,2,33.33333333,66.66666667,0,6,0,100,0,0
432,159,110,8,5.03,100,25,0,46.29,300,88.72,0,108.28,6,2,25,75,2,6,0,75,25,0
220,80,58,4,5,100,25,0,50,270,149.36,66.67,99.06,3,1,25,75,0,4,0,100,0,0
407,221,350,11,4.98,350,109.09,0,124.13,300,74.51,5.88,82.9,4,7,63.63636364,36.36363636,0,11,0,100,0,0
448,163,678,8,4.91,600,237.5,0,232.61,406.25,126.37,6.18,151.29,2,6,75,25,0,8,0,100,0,0
473,82,120,4,4.88,350,137.5,0,170.17,177.78,64.86,6.26,78.86,2,2,50,50,0,4,0,100,0,0
723,206,727,10,4.85,1050,233.33,0,336.92,200,70.29,-5.58,85.26,4,6,60,40,1,8,1,80,10,10
719,166,406,8,4.82,1100,200,0,370.33,300,68.92,5.41,99.18,3,5,62.5,37.5,0,8,0,100,0,0
42,166,131,8,4.82,400,62.5,0,140.79,1566.67,240.45,0,543.63,6,2,25,75,1,7,0,87.5,12.5,0
390,228,80,11,4.82,100,27.27,0,46.71,450,96.84,0,134.91,8,3,27.27272727,72.72727273,2,9,0,81.81818182,18.18181818,0
934,83,80,4,4.82,0,0,0,0,400,206.67,26.67,173.08,4,0,0,100,0,4,0,100,0,0
535,125,28,6,4.8,100,66.67,0,51.64,320,136.97,0,137.53,2,4,66.66666667,33.33333333,1,5,0,83.33333333,16.66666667,0
106,105,118,5,4.76,100,40,0,54.77,940,390.83,47.17,461.38,3,2,40,60,0,5,0,100,0,0
983,64,32,3,4.69,50,16.67,0,28.87,116.67,91.36,42.86,42.02,2,1,33.33333333,66.66666667,0,3,0,100,0,0
542,64,8,3,4.69,0,0,0,0,300,141.8,11.11,146.4,3,0,0,100,0,3,0,100,0,0
1,130,1889,6,4.62,400,100,0,167.33,114.29,32.58,0,41.43,4,2,33.33333333,66.66666667,1,5,0,83.33333333,16.66666667,0
555,87,16,4,4.6,0,0,0,0,900,239.62,0,440.54,4,0,0,100,1,3,0,75,25,0
798,132,113,6,4.55,200,83.33,0,75.28,100,49.97,-11.11,48.58,2,4,66.66666667,33.33333333,0,5,1,83.33333333,0,16.66666667
75,154,10,7,4.55,200,57.14,0,97.59,150,71.6,0,51.78,5,2,28.57142857,71.42857143,1,6,0,85.71428571,14.28571429,0
267,44,7,2,4.55,200,100,0,141.42,1081.82,774.25,466.67,434.98,1,1,50,50,0,2,0,100,0,0
1027,22,2,1,4.55,0,0,0,0,0,0,0,0,1,0,0,100,0,1,0,100,0,0
73,160,354,7,4.38,200,42.86,0,78.68,158.49,73.35,0,74.81,5,2,28.57142857,71.42857143,2,5,0,71.42857143,28.57142857,0
788,92,344,4,4.35,100,25,0,50,160,53.02,0,73.91,3,1,25,75,1,3,0,75,25,0
41,184,70,8,4.35,200,75,0,70.71,1300,185.71,-28.36,451.04,3,5,62.5,37.5,0,7,1,87.5,0,12.5
34,187,7103,8,4.28,200,37.5,0,74.4,300,66.28,0,98.5,6,2,25,75,2,6,0,75,25,0
646,71,30,3,4.23,800,300,0,435.89,100,60.6,13.04,44.05,1,2,66.66666667,33.33333333,0,3,0,100,0,0
441,166,280,7,4.22,100,50,0,50,60,17.8,-8.33,27.07,3,4,57.14285714,42.85714286,2,4,1,57.14285714,28.57142857,14.28571429
233,72,85,3,4.17,0,0,0,0,62.16,41.27,3.95,32.39,3,0,0,100,0,3,0,100,0,0
399,223,287,9,4.04,100,16.67,0,35.36,400,88.19,0,126.73,7,2,22.22222222,77.77777778,1,8,0,88.88888889,11.11111111,0
589,99,130,4,4.04,0,0,0,0,133.33,59.35,0,64.15,4,0,0,100,1,3,0,75,25,0
391,99,24,4,4.04,600,150,0,300,800,217.08,7.14,388.77,3,1,25,75,0,4,0,100,0,0
173,99,23,4,4.04,600,275,0,250,263.64,190.91,0,127.44,1,3,75,25,1,3,0,75,25,0
155,100,16,4,4,100,25,0,50,500,260.42,41.67,191.89,3,1,25,75,0,4,0,100,0,0
674,25,10,1,4,0,0,0,0,0,0,0,0,0,1,100,0,0,1,0,100,0,0
736,176,54,7,3.98,200,57.14,0,78.68,1100,181.63,0,407.06,4,3,42.85714286,57.14285714,4,3,0,42.85714286,57.14285714,0
870,102,24,4,3.92,0,0,0,0,150,77.5,0,83.82,4,0,0,100,1,3,0,75,25,0
883,102,8,4,3.92,0,0,0,0,300,124.29,14.29,128.91,4,0,0,100,0,4,0,100,0,0
38,128,107,5,3.91,0,0,0,0,280,66.19,0,119.9,5,0,0,100,1,4,0,80,20,0
957,26,2,1,3.85,0,0,0,0,0,0,0,0,1,0,0,100,0,1,0,100,0,0
208,80,40,3,3.75,200,100,0,100,64.52,35.99,19.93,24.77,1,2,66.66666667,33.33333333,0,3,0,100,0,0
807,134,42,5,3.73,300,80,0,130.38,716,228.33,0,295.19,3,2,40,60,1,4,0,80,20,0
260,54,5,2,3.7,0,0,0,0,487.5,293.75,100,274,2,0,0,100,0,2,0,100,0,0
700,217,88,8,3.69,100,12.5,0,35.36,600,123.15,-7.69,224.37,7,1,12.5,87.5,3,4,1,50,37.5,12.5
889,55,8,2,3.64,0,0,0,0,245.45,153.98,62.5,129.37,2,0,0,100,0,2,0,100,0,0
147,111,16,4,3.6,100,25,0,50,348.72,110.57,0,163.24,3,1,25,75,1,3,0,75,25,0
21,199,403,7,3.52,1900,485.71,0,738.08,650,148.59,4.41,227.41,3,4,57.14285714,42.85714286,0,7,0,100,0,0
414,57,14,2,3.51,200,100,0,141.42,200,154.08,108.16,64.94,1,1,50,50,0,2,0,100,0,0
549,115,24,4,3.48,300,100,0,141.42,633.33,178.39,16.67,303.49,2,2,50,50,0,4,0,100,0,0
502,145,16,5,3.45,100,20,0,44.72,1600,615.56,22.22,732.98,4,1,20,80,0,5,0,100,0,0
617,87,12,3,3.45,0,0,0,0,400,161.11,33.33,207.05,3,0,0,100,0,3,0,100,0,0
171,87,10,3,3.45,100,50,0,50,500,195.96,33.33,263.52,1,2,66.66666667,33.33333333,0,3,0,100,0,0
503,146,30,5,3.42,300,120,0,109.54,136.36,39.39,-3.45,55.57,1,4,80,20,0,4,1,80,0,20
892,88,58,3,3.41,100,33.33,0,57.74,13.51,4.5,0,7.8,2,1,33.33333333,66.66666667,2,1,0,33.33333333,66.66666667,0
781,148,106,5,3.38,200,40,0,89.44,200,140,0,83,4,1,20,80,1,4,0,80,20,0
469,148,46,5,3.38,700,180,0,303.32,77.78,42.86,0,36.56,3,2,40,60,1,4,0,80,20,0
707,208,472,7,3.37,100,14.29,0,37.8,450,139.9,0,198.35,6,1,14.28571429,85.71428571,2,5,0,71.42857143,28.57142857,0
835,119,20,4,3.36,100,25,0,50,200,102.71,5.26,88.36,3,1,25,75,0,4,0,100,0,0
688,211,118,7,3.32,200,71.43,0,75.59,50,22.68,0,18.38,3,4,57.14285714,42.85714286,1,6,0,85.71428571,14.28571429,0
523,121,22,4,3.31,100,25,0,50,100,52.29,6.67,49.54,3,1,25,75,0,4,0,100,0,0
450,182,248,6,3.3,50,8.33,0,20.41,100,51.6,0,38.72,5,1,16.66666667,83.33333333,1,5,0,83.33333333,16.66666667,0
829,123,10,4,3.25,0,0,0,0,200,129.17,66.67,58.33,4,0,0,100,0,4,0,100,0,0
1021,31,10,1,3.23,0,0,0,0,0,0,0,0,0,1,100,0,0,1,0,100,0,0
483,156,159,5,3.21,200,60,0,89.44,3600,803.8,31.25,1563.95,3,2,40,60,0,5,0,100,0,0
773,125,122,4,3.2,100,25,0,50,300,99.57,0,137.69,3,1,25,75,1,3,0,75,25,0
130,125,8,4,3.2,0,0,0,0,400,132.78,0,186.19,4,0,0,100,1,3,0,75,25,0
182,95,5,3,3.16,100,33.33,0,57.74,376.92,211.14,68.75,155.41,2,1,33.33333333,66.66666667,0,3,0,100,0,0
978,32,8,1,3.13,0,0,0,0,0,0,0,0,1,0,0,100,0,1,0,100,0,0
456,162,30,5,3.09,200,60,0,89.44,825,349.76,0,346.67,3,2,40,60,1,4,0,80,20,0
246,65,3,2,3.08,100,50,0,70.71,294.74,194.99,95.24,141.07,1,1,50,50,0,2,0,100,0,0
698,228,48,7,3.07,100,42.86,0,53.45,60,14.65,-14.29,25.71,4,3,42.85714286,57.14285714,3,3,1,42.85714286,42.85714286,14.28571429
694,228,36,7,3.07,100,42.86,0,53.45,200,62.76,0,76.21,4,3,42.85714286,57.14285714,1,6,0,85.71428571,14.28571429,0
160,98,14,3,3.06,100,33.33,0,57.74,205.95,90.72,15.38,101.36,2,1,33.33333333,66.66666667,0,3,0,100,0,0
588,98,8,3,3.06,100,33.33,0,57.74,188.89,85.19,0,95.8,2,1,33.33333333,66.66666667,1,2,0,66.66666667,33.33333333,0
701,98,6,3,3.06,0,0,0,0,533.33,255.55,33.33,254.59,3,0,0,100,0,3,0,100,0,0
479,131,34,4,3.05,0,0,0,0,125,67.41,7.14,54.48,4,0,0,100,0,4,0,100,0,0
895,99,28,3,3.03,100,33.33,0,57.74,350,135.9,7.69,186.62,2,1,33.33333333,66.66666667,0,3,0,100,0,0
26,100,3,3,3,0,0,0,0,42.86,23.68,8.41,17.55,3,0,0,100,0,3,0,100,0,0
93,134,54,4,2.99,800,200,0,400,250,124.81,0,107.49,3,1,25,75,1,3,0,75,25,0
922,67,4,2,2.99,0,0,0,0,12.5,6.25,0,8.84,2,0,0,100,1,1,0,50,50,0
884,102,44,3,2.94,100,33.33,0,57.74,71.43,31.22,0,36.55,2,1,33.33333333,66.66666667,1,2,0,66.66666667,33.33333333,0
578,102,30,3,2.94,0,0,0,0,300,154.17,0,150.17,3,0,0,100,1,2,0,66.66666667,33.33333333,0
778,138,100,4,2.9,0,0,0,0,116.67,76.57,5,49.48,4,0,0,100,0,4,0,100,0,0
866,104,20,3,2.88,100,33.33,0,57.74,800,531.94,162.5,330.62,2,1,33.33333333,66.66666667,0,3,0,100,0,0
44,175,124,5,2.86,300,60,0,134.16,138.1,75.79,18.18,52.44,4,1,20,80,0,5,0,100,0,0
151,107,4,3,2.8,0,0,0,0,128.57,64.07,0,64.29,3,0,0,100,1,2,0,66.66666667,33.33333333,0
810,36,4,1,2.78,0,0,0,0,0,0,0,0,0,1,100,0,0,1,0,100,0,0
774,147,42,4,2.72,200,75,0,95.74,266.67,91,5.88,119.09,2,2,50,50,0,4,0,100,0,0
782,147,16,4,2.72,100,25,0,50,176.92,79.95,0,76.54,3,1,25,75,1,3,0,75,25,0
121,112,8,3,2.68,200,66.67,0,115.47,1100,457.49,133.33,556.44,2,1,33.33333333,66.66666667,0,3,0,100,0,0
85,153,38,4,2.61,100,75,0,50,437.5,160.17,4,190.59,1,3,75,25,0,4,0,100,0,0
412,77,46,2,2.6,100,100,100,0,60.98,56.39,51.79,6.5,0,2,100,0,0,2,0,100,0,0
493,154,18,4,2.6,200,50,0,100,266.67,95.55,0,117.46,3,1,25,75,1,3,0,75,25,0
217,77,5,2,2.6,200,100,0,141.42,153.66,100.52,47.37,75.16,1,1,50,50,0,2,0,100,0,0
214,78,2,2,2.56,0,0,0,0,433.33,246.67,60,263.98,2,0,0,100,0,2,0,100,0,0
836,119,18,3,2.52,100,33.33,0,57.74,266.67,95.37,6.94,148.38,2,1,33.33333333,66.66666667,0,3,0,100,0,0
37,122,51,3,2.46,0,0,0,0,616.67,241.8,28.57,325.67,3,0,0,100,0,3,0,100,0,0
825,123,280,3,2.44,650,216.67,0,375.28,125,90.56,46.69,40,2,1,33.33333333,66.66666667,0,3,0,100,0,0
481,82,258,2,2.44,0,0,0,0,40,39.23,38.46,1.09,2,0,0,100,0,2,0,100,0,0
655,41,2,1,2.44,0,0,0,0,0,0,0,0,1,0,0,100,0,1,0,100,0,0
718,209,54,5,2.39,300,80,0,130.38,250,76.7,-7.41,105.76,3,2,40,60,0,4,1,80,0,20
695,212,40,5,2.36,400,100,0,173.21,125,58.39,13.64,50.68,3,2,40,60,0,5,0,100,0,0
745,128,8,3,2.34,0,0,0,0,400,222.22,66.67,167.77,3,0,0,100,0,3,0,100,0,0
1006,43,8,1,2.33,0,0,0,0,0,0,0,0,0,1,100,0,0,1,0,100,0,0
1010,43,2,1,2.33,0,0,0,0,0,0,0,0,1,0,0,100,0,1,0,100,0,0
203,44,14,1,2.27,0,0,0,0,0,0,0,0,0,1,100,0,0,1,0,100,0,0
1003,44,2,1,2.27,0,0,0,0,0,0,0,0,1,0,0,100,0,1,0,100,0,0
157,44,1,1,2.27,0,0,0,0,0,0,0,0,1,0,0,100,0,1,0,100,0,0
693,224,63,5,2.23,300,160,0,114.02,100,49.37,-17.65,44.27,1,4,80,20,0,4,1,80,0,20
1002,45,12,1,2.22,0,0,0,0,0,0,0,0,1,0,0,100,0,1,0,100,0,0
699,227,176,5,2.2,200,60,0,89.44,150,55.55,0,59.96,3,2,40,60,1,4,0,80,20,0
682,227,20,5,2.2,0,0,0,0,400,153.33,0,166,5,0,0,100,2,3,0,60,40,0
607,92,46,2,2.17,100,50,0,70.71,714.29,368.26,22.22,489.37,1,1,50,50,0,2,0,100,0,0
729,185,18,4,2.16,200,50,0,100,45.45,32.37,0,21.65,3,1,25,75,1,3,0,75,25,0
499,140,44,3,2.14,50,16.67,0,28.87,1300,465.81,22.43,722.91,2,1,33.33333333,66.66666667,0,3,0,100,0,0
901,97,8,2,2.06,0,0,0,0,250,225,200,35.36,2,0,0,100,0,2,0,100,0,0
864,99,10,2,2.02,100,50,0,70.71,166.67,148.34,130,25.93,1,1,50,50,0,2,0,100,0,0
68,100,6625,2,2,900,450,0,636.4,175,116.83,58.66,82.26,1,1,50,50,0,2,0,100,0,0
593,100,10,2,2,0,0,0,0,200,144.45,88.89,78.57,2,0,0,100,0,2,0,100,0,0
661,51,18,1,1.96,0,0,0,0,0,0,0,0,1,0,0,100,0,1,0,100,0,0
554,102,10,2,1.96,0,0,0,0,20,13.85,7.69,8.7,2,0,0,100,0,2,0,100,0,0
152,102,2,2,1.96,0,0,0,0,372.73,240.21,107.69,187.41,2,0,0,100,0,2,0,100,0,0
876,104,110,2,1.92,500,375,250,176.78,151.04,124.62,98.2,37.36,0,2,100,0,0,2,0,100,0,0
872,104,20,2,1.92,0,0,0,0,566.67,383.34,200,259.27,2,0,0,100,0,2,0,100,0,0
245,52,2,1,1.92,0,0,0,0,0,0,0,0,0,1,100,0,0,1,0,100,0,0
562,106,44,2,1.89,600,300,0,424.26,101.37,50.69,0,71.68,1,1,50,50,1,1,0,50,50,0
692,212,18,4,1.89,100,50,0,57.74,77.78,34.6,0,32.23,2,2,50,50,1,3,0,75,25,0
150,107,7,2,1.87,0,0,0,0,45,42.29,39.58,3.83,2,0,0,100,0,2,0,100,0,0
987,54,8,1,1.85,0,0,0,0,0,0,0,0,0,1,100,0,0,1,0,100,0,0
731,163,8,3,1.84,0,0,0,0,900,388.89,0,462.28,3,0,0,100,1,2,0,66.66666667,33.33333333,0
55,166,137,3,1.81,100,33.33,0,57.74,233.33,103.46,-8.65,121.96,2,1,33.33333333,66.66666667,0,2,1,66.66666667,0,33.33333333
751,167,32,3,1.8,0,0,0,0,88.14,29.38,0,50.89,3,0,0,100,2,1,0,33.33333333,66.66666667,0
762,111,30,2,1.8,300,150,0,212.13,60,38.83,17.65,29.95,1,1,50,50,0,2,0,100,0,0
800,111,14,2,1.8,0,0,0,0,225,220.19,215.38,6.8,2,0,0,100,0,2,0,100,0,0
753,168,34,3,1.79,0,0,0,0,100,51.52,4.55,47.74,3,0,0,100,0,3,0,100,0,0
560,112,4,2,1.79,0,0,0,0,240,120,0,169.71,2,0,0,100,1,1,0,50,50,0
862,112,4,2,1.79,0,0,0,0,200,187.5,175,17.68,2,0,0,100,0,2,0,100,0,0
659,56,2,1,1.79,0,0,0,0,0,0,0,0,1,0,0,100,0,1,0,100,0,0
396,226,36,4,1.77,200,75,0,95.74,100,54.51,0,41.33,2,2,50,50,1,3,0,75,25,0
752,170,24,3,1.76,100,33.33,0,57.74,100,75.44,26.32,42.54,2,1,33.33333333,66.66666667,0,3,0,100,0,0
36,174,9,3,1.72,100,33.33,0,57.74,254.55,127.71,28.57,115.51,2,1,33.33333333,66.66666667,0,3,0,100,0,0
991,58,2,1,1.72,0,0,0,0,0,0,0,0,1,0,0,100,0,1,0,100,0,0
834,118,6,2,1.69,0,0,0,0,18.18,15.76,13.33,3.43,2,0,0,100,0,2,0,100,0,0
436,185,8,3,1.62,100,33.33,0,57.74,50,27.78,0,25.46,2,1,33.33333333,66.66666667,1,2,0,66.66666667,33.33333333,0
440,188,8,3,1.6,0,0,0,0,46.88,29.49,4.76,22,3,0,0,100,0,3,0,100,0,0
522,126,18,2,1.59,0,0,0,0,80,46.25,12.5,47.73,2,0,0,100,0,2,0,100,0,0
691,192,94,3,1.56,500,266.67,0,251.66,84.21,42.78,9.52,38.01,1,2,66.66666667,33.33333333,0,3,0,100,0,0
120,129,2,2,1.55,0,0,0,0,312.5,156.25,0,220.97,2,0,0,100,1,1,0,50,50,0
644,65,16,1,1.54,0,0,0,0,0,0,0,0,1,0,0,100,0,1,0,100,0,0
980,65,16,1,1.54,0,0,0,0,0,0,0,0,0,1,100,0,0,1,0,100,0,0
653,66,2,1,1.52,0,0,0,0,0,0,0,0,1,0,0,100,0,1,0,100,0,0
683,202,258,3,1.49,100,33.33,0,57.74,60,31.11,0,30.06,2,1,33.33333333,66.66666667,1,2,0,66.66666667,33.33333333,0
951,68,20,1,1.47,0,0,0,0,0,0,0,0,1,0,0,100,0,1,0,100,0,0
99,137,20,2,1.46,0,0,0,0,85,59.17,33.33,36.54,2,0,0,100,0,2,0,100,0,0
641,69,4,1,1.45,0,0,0,0,0,0,0,0,1,0,0,100,0,1,0,100,0,0
648,69,4,1,1.45,0,0,0,0,0,0,0,0,1,0,0,100,0,1,0,100,0,0
624,69,2,1,1.45,0,0,0,0,0,0,0,0,1,0,0,100,0,1,0,100,0,0
963,70,4,1,1.43,0,0,0,0,0,0,0,0,1,0,0,100,0,1,0,100,0,0
961,71,2,1,1.41,0,0,0,0,0,0,0,0,1,0,0,100,0,1,0,100,0,0
727,147,4,2,1.36,0,0,0,0,175,87.5,0,123.74,2,0,0,100,1,1,0,50,50,0
401,226,16,3,1.33,200,66.67,0,115.47,85.71,44.06,0,42.91,2,1,33.33333333,66.66666667,1,2,0,66.66666667,33.33333333,0
775,76,20,1,1.32,0,0,0,0,0,0,0,0,1,0,0,100,0,1,0,100,0,0
494,152,8,2,1.32,0,0,0,0,12.5,6.25,0,8.84,2,0,0,100,1,1,0,50,50,0
636,76,6,1,1.32,0,0,0,0,0,0,0,0,1,0,0,100,0,1,0,100,0,0
476,154,4,2,1.3,0,0,0,0,100,71.43,42.86,40.4,2,0,0,100,0,2,0,100,0,0
734,155,58,2,1.29,0,0,0,0,314.29,207.15,100,151.53,2,0,0,100,0,2,0,100,0,0
580,78,4,1,1.28,0,0,0,0,0,0,0,0,1,0,0,100,0,1,0,100,0,0
77,157,1063,2,1.27,400,250,100,212.13,84.29,60.77,37.25,33.26,0,2,100,0,0,2,0,100,0,0
959,79,26,1,1.27,0,0,0,0,0,0,0,0,1,0,0,100,0,1,0,100,0,0
717,157,6,2,1.27,100,50,0,70.71,146.15,123.08,100,32.63,1,1,50,50,0,2,0,100,0,0
223,79,1,1,1.27,0,0,0,0,0,0,0,0,1,0,0,100,0,1,0,100,0,0
88,82,2,1,1.22,0,0,0,0,0,0,0,0,1,0,0,100,0,1,0,100,0,0
470,166,42,2,1.2,200,100,0,141.42,33.33,16.67,0,23.57,1,1,50,50,1,1,0,50,50,0
938,83,18,1,1.2,0,0,0,0,0,0,0,0,0,1,100,0,0,1,0,100,0,0
955,83,2,1,1.2,0,0,0,0,0,0,0,0,1,0,0,100,1,0,0,0,100,0
748,169,24,2,1.18,0,0,0,0,120,93.34,66.67,37.71,2,0,0,100,0,2,0,100,0,0
464,170,4,2,1.18,0,0,0,0,125,62.5,0,88.39,2,0,0,100,1,1,0,50,50,0
875,86,2,1,1.16,0,0,0,0,0,0,0,0,1,0,0,100,0,1,0,100,0,0
500,88,16,1,1.14,0,0,0,0,0,0,0,0,0,1,100,0,0,1,0,100,0,0
457,176,12,2,1.14,0,0,0,0,250,126.32,2.63,174.92,2,0,0,100,0,2,0,100,0,0
200,89,8,1,1.12,0,0,0,0,0,0,0,0,0,1,100,0,0,1,0,100,0,0
445,179,6,2,1.12,0,0,0,0,400,216.67,33.33,259.27,2,0,0,100,0,2,0,100,0,0
740,182,194,2,1.1,100,50,0,70.71,200,127.42,54.84,102.64,1,1,50,50,0,2,0,100,0,0
733,184,10,2,1.09,100,50,0,70.71,77.78,58.89,40,26.71,1,1,50,50,0,2,0,100,0,0
444,184,6,2,1.09,0,0,0,0,50,25,0,35.36,2,0,0,100,1,1,0,50,50,0
913,93,16,1,1.08,0,0,0,0,0,0,0,0,1,0,0,100,0,0,1,0,0,100
179,93,4,1,1.08,0,0,0,0,0,0,0,0,1,0,0,100,0,1,0,100,0,0
178,93,1,1,1.08,0,0,0,0,0,0,0,0,1,0,0,100,0,1,0,100,0,0
112,95,1,1,1.05,0,0,0,0,0,0,0,0,1,0,0,100,0,1,0,100,0,0
435,193,6,2,1.04,0,0,0,0,50,25,0,35.36,2,0,0,100,1,1,0,50,50,0
888,96,2,1,1.04,0,0,0,0,0,0,0,0,1,0,0,100,0,1,0,100,0,0
586,97,20,1,1.03,0,0,0,0,0,0,0,0,1,0,0,100,0,1,0,100,0,0
804,100,10,1,1,0,0,0,0,0,0,0,0,1,0,0,100,0,1,0,100,0,0
461,402,4,4,1,0,0,0,0,100,50,0,57.74,4,0,0,100,2,2,0,50,50,0
591,100,2,1,1,0,0,0,0,0,0,0,0,1,0,0,100,0,1,0,100,0,0
61,102,1327,1,0.98,0,0,0,0,0,0,0,0,1,0,0,100,0,1,0,100,0,0
574,102,2,1,0.98,0,0,0,0,0,0,0,0,1,0,0,100,0,1,0,100,0,0
725,206,90,2,0.97,50,25,0,35.36,125.93,112.97,100,18.34,1,1,50,50,0,2,0,100,0,0
287,103,16,1,0.97,0,0,0,0,0,0,0,0,0,1,100,0,0,1,0,100,0,0
879,104,18,1,0.96,0,0,0,0,0,0,0,0,0,1,100,0,0,1,0,100,0,0
869,104,6,1,0.96,0,0,0,0,0,0,0,0,1,0,0,100,0,1,0,100,0,0
880,104,6,1,0.96,0,0,0,0,0,0,0,0,1,0,0,100,1,0,0,0,100,0
584,104,4,1,0.96,0,0,0,0,0,0,0,0,1,0,0,100,0,1,0,100,0,0
534,104,2,1,0.96,0,0,0,0,0,0,0,0,1,0,0,100,0,1,0,100,0,0
686,212,22,2,0.94,0,0,0,0,80,77.5,75,3.54,2,0,0,100,0,2,0,100,0,0
7,216,93,2,0.93,50,25,0,35.36,61.61,30.81,0,43.56,1,1,50,50,1,1,0,50,50,0
546,108,2,1,0.93,0,0,0,0,0,0,0,0,1,0,0,100,0,1,0,100,0,0
406,218,4,2,0.92,0,0,0,0,37.5,18.75,0,26.52,2,0,0,100,1,1,0,50,50,0
863,109,2,1,0.92,0,0,0,0,0,0,0,0,1,0,0,100,0,1,0,100,0,0
564,110,4,1,0.91,0,0,0,0,0,0,0,0,1,0,0,100,0,1,0,100,0,0
856,110,2,1,0.91,0,0,0,0,0,0,0,0,1,0,0,100,1,0,0,0,100,0
6,221,6904,2,0.9,0,0,0,0,240,141.88,43.75,138.77,2,0,0,100,0,2,0,100,0,0
544,111,40,1,0.9,0,0,0,0,0,0,0,0,1,0,0,100,0,1,0,100,0,0
685,222,18,2,0.9,0,0,0,0,100,50,0,70.71,2,0,0,100,1,1,0,50,50,0
801,111,2,1,0.9,0,0,0,0,0,0,0,0,1,0,0,100,0,1,0,100,0,0
148,111,1,1,0.9,0,0,0,0,0,0,0,0,1,0,0,100,0,1,0,100,0,0
395,226,32,2,0.88,0,0,0,0,0,0,0,0,2,0,0,100,2,0,0,0,100,0
394,114,2,1,0.88,0,0,0,0,0,0,0,0,1,0,0,100,0,1,0,100,0,0
816,115,2,1,0.87,0,0,0,0,0,0,0,0,1,0,0,100,1,0,0,0,100,0
746,117,2,1,0.85,0,0,0,0,0,0,0,0,1,0,0,100,0,1,0,100,0,0
285,120,130,1,0.83,0,0,0,0,0,0,0,0,1,0,0,100,0,1,0,100,0,0
536,124,4,1,0.81,0,0,0,0,0,0,0,0,1,0,0,100,0,1,0,100,0,0
830,123,4,1,0.81,0,0,0,0,0,0,0,0,1,0,0,100,0,1,0,100,0,0
828,125,2,1,0.8,0,0,0,0,0,0,0,0,1,0,0,100,0,1,0,100,0,0
521,128,4,1,0.78,0,0,0,0,0,0,0,0,1,0,0,100,1,0,0,0,100,0
803,130,2,1,0.77,0,0,0,0,0,0,0,0,1,0,0,100,1,0,0,0,100,0
115,131,7,1,0.76,0,0,0,0,0,0,0,0,1,0,0,100,0,1,0,100,0,0
809,132,6,1,0.76,0,0,0,0,0,0,0,0,1,0,0,100,0,1,0,100,0,0
116,131,4,1,0.76,0,0,0,0,0,0,0,0,0,1,100,0,0,1,0,100,0,0
805,134,14,1,0.75,0,0,0,0,0,0,0,0,1,0,0,100,0,1,0,100,0,0
797,133,8,1,0.75,0,0,0,0,0,0,0,0,0,1,100,0,0,1,0,100,0,0
430,135,2,1,0.74,0,0,0,0,0,0,0,0,1,0,0,100,0,1,0,100,0,0
70,137,23,1,0.73,0,0,0,0,0,0,0,0,1,0,0,100,0,1,0,100,0,0
95,141,17,1,0.71,0,0,0,0,0,0,0,0,0,1,100,0,0,1,0,100,0,0
791,143,10,1,0.7,0,0,0,0,0,0,0,0,0,1,100,0,0,1,0,100,0,0
33,148,308,1,0.68,0,0,0,0,0,0,0,0,0,1,100,0,0,1,0,100,0,0
779,148,188,1,0.68,0,0,0,0,0,0,0,0,1,0,0,100,1,0,0,0,100,0
495,147,39,1,0.68,0,0,0,0,0,0,0,0,0,1,100,0,0,1,0,100,0,0
783,147,2,1,0.68,0,0,0,0,0,0,0,0,1,0,0,100,0,1,0,100,0,0
749,149,2,1,0.67,0,0,0,0,0,0,0,0,1,0,0,100,0,1,0,100,0,0
74,153,110,1,0.65,0,0,0,0,0,0,0,0,1,0,0,100,0,1,0,100,0,0
487,153,25,1,0.65,0,0,0,0,0,0,0,0,1,0,0,100,0,1,0,100,0,0
490,153,12,1,0.65,0,0,0,0,0,0,0,0,0,1,100,0,0,1,0,100,0,0
78,157,8,1,0.64,0,0,0,0,0,0,0,0,1,0,0,100,0,1,0,100,0,0
484,157,2,1,0.64,0,0,0,0,0,0,0,0,1,0,0,100,0,1,0,100,0,0
759,161,6,1,0.62,0,0,0,0,0,0,0,0,1,0,0,100,0,1,0,100,0,0
59,163,225,1,0.61,0,0,0,0,0,0,0,0,0,1,100,0,0,1,0,100,0,0
14,163,24,1,0.61,0,0,0,0,0,0,0,0,1,0,0,100,1,0,0,0,100,0
400,165,6,1,0.61,0,0,0,0,0,0,0,0,1,0,0,100,1,0,0,0,100,0
750,166,2,1,0.6,0,0,0,0,0,0,0,0,1,0,0,100,0,1,0,100,0,0
453,177,2,1,0.56,0,0,0,0,0,0,0,0,1,0,0,100,1,0,0,0,100,0
716,179,2,1,0.56,0,0,0,0,0,0,0,0,1,0,0,100,1,0,0,0,100,0
743,177,2,1,0.56,0,0,0,0,0,0,0,0,1,0,0,100,0,1,0,100,0,0
433,188,8,1,0.53,0,0,0,0,0,0,0,0,1,0,0,100,0,1,0,100,0,0
709,192,26,1,0.52,0,0,0,0,0,0,0,0,0,1,100,0,0,1,0,100,0,0
28,195,5,1,0.51,0,0,0,0,0,0,0,0,1,0,0,100,0,1,0,100,0,0
424,198,2,1,0.51,0,0,0,0,0,0,0,0,1,0,0,100,0,1,0,100,0,0
389,402,2,2,0.5,0,0,0,0,0,0,0,0,2,0,0,100,2,0,0,0,100,0
711,202,2,1,0.5,0,0,0,0,0,0,0,0,1,0,0,100,0,1,0,100,0,0
423,203,2,1,0.49,0,0,0,0,0,0,0,0,1,0,0,100,0,1,0,100,0,0
710,215,68,1,0.47,0,0,0,0,0,0,0,0,0,1,100,0,0,1,0,100,0,0
703,222,8,1,0.45,0,0,0,0,0,0,0,0,1,0,0,100,1,0,0,0,100,0
684,223,2,1,0.45,0,0,0,0,0,0,0,0,1,0,0,100,1,0,0,0,100,0
681,226,20,1,0.44,0,0,0,0,0,0,0,0,1,0,0,100,0,1,0,100,0,0