id,head_repo_id,base_repo_id,head_commit_id,base_commit_id,pullreq_id,intra_branch,merged,opened_at,closed_at
3107796,8183141,6672771,91853048,91838882,1,f,f,2014-02-24 17:01:47,2014-02-24 17:42:41
3356571,8857051,6672771,99415026,96075139,3,f,f,2014-03-27 12:07:02,2014-03-27 15:09:22
3524215,,6672771,,102732764,4,f,f,2014-04-17 13:23:58,2014-04-17 15:44:33
3525427,9260034,6672771,103817992,102732764,5,f,f,2014-04-17 15:51:41,2014-04-21 10:21:26
3714471,9755614,6672771,112829289,112829287,6,f,f,2014-05-20 22:23:02,2014-05-21 07:11:05
4018428,10517350,6672771,131777318,129897757,7,f,f,2014-06-27 18:36:54,2014-06-28 05:56:07
4054108,10586661,6672771,133188903,133188776,8,f,f,2014-07-03 10:55:19,2014-07-03 11:01:22
4163050,10845007,6672771,137972866,133198843,9,f,f,2014-07-15 14:17:42,2014-07-15 14:21:13
4243165,10998035,6672771,141387424,141387396,10,f,t,2014-07-24 13:42:15,2014-07-24 13:52:15
4367815,11253371,6672771,146709161,141387423,11,f,f,2014-08-08 06:35:13,2014-08-08 06:52:11
4505958,11598008,6672771,154262895,154262754,12,f,t,2014-08-26 07:01:33,2014-08-26 08:27:59
4554495,11670988,6672771,154262888,154262887,13,f,t,2014-08-30 00:21:43,2014-08-30 04:41:26
5009628,12772025,6672771,174833118,173725924,14,f,f,2014-10-21 12:14:18,2014-10-21 12:39:57
5009965,12772025,6672771,174844804,173725924,15,f,f,2014-10-21 12:42:48,2014-10-21 12:55:38
5011481,12772025,6672771,174902376,174853439,16,f,f,2014-10-21 14:35:09,2014-10-21 14:42:59
5011733,12772025,6672771,174905713,174853439,17,f,f,2014-10-21 14:54:15,2014-10-21 15:15:45
5012209,12772025,6672771,174937645,174853439,18,f,f,2014-10-21 15:36:50,2014-10-21 18:49:27
5027279,12772025,6672771,175696243,175060099,19,f,f,2014-10-22 19:10:51,2014-10-24 18:47:34
5319370,13517771,6672771,184910827,184910785,20,f,f,2014-11-20 08:38:49,2014-11-20 08:55:01
5609877,13517771,6672771,197092791,197092782,21,f,f,2014-12-18 22:29:10,2015-01-30 21:59:30
5788968,14915220,6672771,204054520,204039982,22,f,f,2015-01-09 14:25:09,2015-01-26 08:36:41
5937709,15286443,6672771,208338898,207453620,23,f,f,2015-01-20 03:04:55,2015-01-20 05:22:39
6016128,14915220,6672771,210666688,208364638,24,f,f,2015-01-26 09:56:24,2015-01-29 22:24:38
6079454,15738559,6672771,212314111,212134375,25,f,f,2015-01-30 11:31:52,2015-01-31 14:14:32
6085355,13517771,6672771,212462780,212134375,26,f,f,2015-01-30 19:24:09,2015-01-31 14:03:12
6086432,13517771,6672771,212490475,212134375,27,f,f,2015-01-30 20:53:03,2015-01-31 08:18:21
6095600,13517771,6672771,212779804,212673787,28,f,f,2015-01-31 21:28:09,2015-02-02 08:42:05
6131728,14915220,6672771,213843908,213200231,29,f,f,2015-02-03 21:10:53,2015-02-03 21:17:52
6194726,13517771,6672771,215655038,213846317,30,f,f,2015-02-08 21:09:51,2015-02-09 20:43:14
6223743,16178616,6672771,216467314,216054451,31,f,f,2015-02-10 19:37:49,2015-02-10 21:11:26
6266690,13517771,6672771,217606035,217124124,32,f,f,2015-02-13 14:10:22,2015-04-12 14:38:41
6500709,16992873,6672771,225232449,224511454,33,f,f,2015-03-03 03:09:01,2015-03-03 05:15:55
6609978,16178616,6672771,228562015,228562014,34,f,f,2015-03-10 17:26:24,2015-03-10 19:59:10
6775232,17816863,6672771,234930554,230980819,35,f,f,2015-03-22 18:03:31,2015-03-22 18:12:34
7066880,15286443,6672771,243807728,240241145,36,f,f,2015-04-12 11:03:08,2015-04-12 14:38:53
7067126,15286443,6672771,243817527,240241145,37,f,f,2015-04-12 11:39:52,2015-04-12 14:39:03
7067145,15286443,6672771,243818048,240241145,38,f,f,2015-04-12 11:42:00,2015-04-12 14:39:13
7067179,15286443,6672771,243819513,240241145,39,f,f,2015-04-12 11:45:49,2015-04-12 14:39:23
7076005,18618756,6672771,244135868,244103522,40,f,f,2015-04-13 07:58:48,2015-04-15 10:17:40
7130345,18868342,6672771,245577280,245096966,41,f,f,2015-04-16 10:42:32,2015-04-24 17:47:22
7190653,19044076,6672771,247325606,247153302,42,f,f,2015-04-20 18:31:44,2015-04-24 17:47:47
7367516,19527511,6672771,252305481,251202862,43,f,f,2015-05-02 02:10:50,2015-05-04 09:24:48
7389356,19601458,6672771,253075354,253040020,44,f,f,2015-05-04 11:16:57,2015-05-07 08:24:37
7478482,16178616,6672771,255030890,254664296,45,f,t,2015-05-10 07:59:48,2015-05-10 09:12:52
7496401,19813112,6672771,255467841,255467838,46,f,f,2015-05-11 20:01:51,2015-05-15 06:41:25
7555638,19813112,6672771,258562644,258468401,47,f,f,2015-05-15 11:45:56,2015-05-15 12:51:55
7557468,19813112,6672771,258608244,258589502,48,f,f,2015-05-15 13:41:02,2015-05-15 13:44:03
7567201,16178616,6672771,258855540,258620878,49,f,f,2015-05-16 07:05:12,2015-05-19 08:50:09
7577580,19813112,6672771,259224610,258620878,50,f,f,2015-05-17 12:35:48,2015-05-17 16:21:31
7646412,20310122,6672771,260996696,260948414,51,f,f,2015-05-21 13:28:00,2015-05-27 20:43:34
7671161,20381566,6672771,261711577,261654656,52,f,f,2015-05-22 23:50:02,2015-05-23 04:26:00
7671210,20381566,6672771,261713585,261654656,53,f,f,2015-05-23 00:00:02,2015-05-23 04:27:02
7673860,20310122,6672771,261804609,261754711,54,f,f,2015-05-23 09:14:29,2015-05-27 20:43:34
7686190,20440859,6672771,262263195,261925509,55,f,f,2015-05-24 19:23:34,2015-05-27 20:43:34
7724246,20553696,6672771,263323994,261925509,56,f,f,2015-05-27 14:09:52,2015-05-27 20:43:34
7870802,20310122,6672771,267471592,267323381,57,f,f,2015-06-05 23:52:23,2015-06-09 10:36:11
7888891,16178616,6672771,268071371,267965219,58,f,f,2015-06-08 03:09:23,2015-06-08 06:28:26
7890760,21015045,6672771,268127964,268118434,59,f,f,2015-06-08 07:03:47,2015-06-08 14:25:01
7911138,20310122,6672771,268598378,268598376,60,f,t,2015-06-09 12:01:37,2015-06-09 12:29:09
7923684,21015045,6672771,268881708,268827882,61,f,f,2015-06-10 06:07:14,2015-06-18 10:31:59
7996214,20553696,6672771,270961034,268827882,62,f,f,2015-06-15 07:30:11,2015-06-28 11:00:28
7998525,21304037,6672771,271021553,268827882,63,f,f,2015-06-15 10:49:16,2015-06-29 07:50:16
8180367,21015045,6672771,276375611,272426255,64,f,f,2015-06-27 06:32:43,2015-06-27 16:16:56
8238380,21015045,6672771,278030954,277818220,65,f,f,2015-07-01 03:12:03,2015-07-01 05:20:53
8244829,21304037,6672771,278189951,278063282,66,f,f,2015-07-01 11:50:45,2015-07-01 11:52:37
8406646,22155322,6672771,279907204,278655062,68,f,t,2015-07-03 17:46:40,2015-07-10 15:28:08
8658751,20519109,6672771,285235561,278655062,69,f,t,2015-07-05 18:11:27,2015-07-28 13:38:27
8334422,21304037,6672771,279440130,278655062,70,f,t,2015-07-07 11:55:05,2015-07-07 11:56:30
8519781,22175355,6672771,280788617,280156138,71,f,t,2015-07-13 07:11:16,2015-07-28 13:17:02
8508764,16178616,6672771,280566823,280156138,72,f,t,2015-07-18 10:08:36,2015-07-28 13:00:16
8550952,22408557,6672771,283287862,280156138,73,f,f,2015-07-21 13:31:29,2015-07-28 13:04:33
8590692,21304037,6672771,284017405,280156138,74,f,t,2015-07-23 11:10:06,2015-07-23 14:36:47
8663754,21015045,6672771,285348667,285348663,75,f,t,2015-07-28 18:36:51,2015-07-28 18:42:34
8670196,22696556,6672771,285529001,285528951,76,f,t,2015-07-29 08:06:10,2015-07-29 08:48:40
8723405,16178616,6672771,292622384,292532821,77,f,t,2015-08-01 06:59:05,2015-08-03 15:11:30
8717456,20310122,6672771,292532832,292532821,78,f,t,2015-08-01 13:22:27,2015-08-03 15:11:30
8717808,20310122,6672771,292538888,292532821,79,f,t,2015-08-01 14:08:37,2015-08-03 15:11:30
8740229,23382193,6672771,292853101,292532821,80,f,t,2015-08-03 05:45:57,2015-08-03 15:11:31
8733620,21015045,6672771,292766771,292532821,81,f,t,2015-08-03 08:18:43,2015-08-03 15:11:31
8794006,20440859,6672771,293904534,293904523,82,f,t,2015-08-07 19:02:32,2015-08-08 01:09:15
8922709,13517771,6672771,299407224,299407221,83,f,f,2015-08-16 20:08:22,2015-08-25 09:22:13
9034696,23382193,6672771,301351644,299407221,84,f,t,2015-08-24 04:39:30,2015-08-25 09:46:04
9090203,20310122,6672771,306780527,306780518,85,f,t,2015-08-29 04:48:11,2015-08-30 07:47:55
9128816,14915220,6672771,307141411,306780518,86,f,t,2015-08-29 10:42:33,2015-08-29 14:49:16
9170153,21015045,6672771,307530767,307530757,87,f,t,2015-09-02 08:13:26,2015-09-02 10:03:41
9179550,16178616,6672771,307640066,307640053,88,f,t,2015-09-02 18:09:44,2015-09-02 18:54:54
9195312,16178616,6672771,307813900,307813889,89,f,t,2015-09-03 17:42:32,2015-09-03 18:43:53
9422518,26008991,6672771,315669555,315669549,90,f,t,2015-09-17 21:49:03,2015-09-18 12:39:29
9521973,21015045,6672771,316771516,316771498,91,f,t,2015-09-24 10:03:34,2015-09-24 10:07:35
9531762,21015045,6672771,316879520,316879498,92,f,t,2015-09-24 19:22:37,2015-09-24 19:23:09
9561975,21015045,6672771,317222966,317222953,93,f,t,2015-09-27 08:14:00,2015-09-27 15:33:50
9669668,26551588,6672771,320198724,320198710,94,f,f,2015-10-03 06:48:51,2015-10-06 13:39:12
9747143,26551588,6672771,325727732,325727694,95,f,f,2015-10-07 18:42:43,2015-10-08 06:49:27
9749909,21015045,6672771,326048464,325727694,96,f,f,2015-10-07 21:15:37,2015-10-08 06:48:04
10401862,28665137,6672771,344594013,328498360,97,f,f,2015-10-09 07:44:26,2015-11-13 13:52:15
9813086,21015045,6672771,329605734,328498360,98,f,f,2015-10-12 17:44:19,2015-10-13 12:31:35
9901160,27557931,6672771,331786339,330451553,99,f,f,2015-10-16 19:02:15,2015-10-17 05:02:19
9945958,21015045,6672771,333386646,332369865,100,f,f,2015-10-19 18:56:20,2015-10-20 05:53:54
9972165,21015045,6672771,333916320,333767923,101,f,t,2015-10-20 20:33:27,2015-10-21 05:58:54
9987542,27716667,6672771,334021079,334021059,102,f,f,2015-10-21 14:48:10,2015-11-10 16:21:11
10042978,27907151,6672771,335857222,335595542,103,f,f,2015-10-24 07:57:20,2015-10-24 10:48:19
10049477,21015045,6672771,336040266,335920364,104,f,f,2015-10-24 18:55:23,2015-11-05 22:01:19
10049489,21015045,6672771,336054491,335920364,105,f,f,2015-10-24 18:57:02,2015-11-05 22:01:31
10253960,28325434,6672771,340637254,335920364,106,f,f,2015-11-03 20:24:01,2015-11-07 16:35:56
10332108,28490048,6672771,342704900,341948482,107,f,f,2015-11-07 12:05:42,2015-11-07 16:30:22
10336879,28490048,6672771,342839136,342786100,108,f,f,2015-11-07 19:53:39,2015-11-07 19:55:10
10368989,28566444,6672771,343636115,343636084,109,f,f,2015-11-09 17:34:47,2015-11-09 17:36:44
10374261,28490048,6672771,343682642,343636084,110,f,t,2015-11-09 21:57:26,2015-11-09 22:00:07
10486910,26551588,6672771,346542025,344426997,111,f,f,2015-11-15 12:40:03,2015-11-15 14:04:02
10487145,26551588,6672771,346550139,344426997,112,f,f,2015-11-15 13:09:17,2015-11-15 14:04:22
10491607,28833686,6672771,346674294,346565716,113,f,f,2015-11-15 19:50:56,2015-11-15 21:42:35
10517469,28490048,6672771,347234277,346711800,114,f,f,2015-11-16 23:01:24,2015-11-17 08:07:48
10624186,29051131,6672771,349675243,349373296,115,f,f,2015-11-21 06:13:02,2015-11-26 13:36:39
10625618,21015045,6672771,349688058,349373296,116,f,f,2015-11-21 09:40:27,2015-11-21 11:44:34
10627810,29057714,6672771,349706577,349373296,117,f,t,2015-11-21 13:59:18,2015-11-22 08:37:45
10635101,29066173,6672771,349771996,349771981,118,f,f,2015-11-22 16:30:03,2015-11-23 09:24:07
10725984,29167547,6672771,350936786,350127960,120,f,f,2015-11-26 02:07:12,2015-12-02 09:01:40
10706224,28490048,6672771,350655335,350127960,121,f,t,2015-11-26 13:33:10,2015-11-26 13:36:24
10812765,21015045,6672771,352864667,350935413,123,f,t,2015-11-28 12:57:06,2015-11-28 17:41:51
10725868,29066173,6672771,350935419,350935413,124,f,f,2015-11-28 16:37:35,2015-12-02 08:54:34
10857145,28490048,6672771,353292636,353292632,125,f,t,2015-11-30 21:32:07,2015-11-30 21:32:55
10868846,19813112,6672771,353456957,353456954,126,f,t,2015-12-04 19:37:20,2015-12-04 19:41:03
10885030,21015045,6672771,353943281,353943277,127,f,f,2015-12-05 21:18:52,2015-12-05 23:17:18
10897295,21015045,6672771,354717891,354717884,128,f,f,2015-12-06 19:12:07,2015-12-06 21:03:52
10899848,29531048,6672771,354866656,354866645,129,f,f,2015-12-06 22:31:29,2015-12-07 22:01:52
10931525,21015045,6672771,357002160,356691219,130,f,f,2015-12-08 12:19:00,2015-12-08 12:29:07
10942818,16178616,6672771,357205514,357005970,131,f,t,2015-12-08 20:35:10,2015-12-08 21:27:13
10949563,26551588,6672771,357249785,357249784,132,f,f,2015-12-09 06:32:57,2015-12-09 10:16:24
10957214,21015045,6672771,357270200,357270199,133,f,f,2015-12-09 12:27:54,2015-12-09 12:32:12
10995571,29776465,6672771,358535651,358111760,134,f,f,2015-12-10 22:18:53,2015-12-11 03:54:03
11093916,28490048,6672771,360872859,360613757,135,f,f,2015-12-15 23:33:33,2015-12-16 15:32:12
11108918,29871327,6672771,361219829,361193676,136,f,f,2015-12-16 16:27:03,2015-12-16 16:32:02
11114378,29871327,6672771,361327801,361250050,137,f,f,2015-12-16 20:39:46,2015-12-16 21:39:34
11117149,29871327,6672771,361379827,361353187,138,f,f,2015-12-16 22:46:17,2015-12-17 06:27:56
11123383,16178616,6672771,361509434,361353187,139,f,f,2015-12-17 06:27:40,2015-12-17 06:29:32
11123963,29997075,6672771,361523926,361509945,140,f,f,2015-12-17 07:23:11,2015-12-29 16:53:14
11155568,30046054,6672771,362210901,362189165,141,f,f,2015-12-18 16:00:23,2015-12-29 16:53:26
11181561,30095598,6672771,362852889,362189165,142,f,f,2015-12-20 15:11:46,2015-12-29 16:53:50
11248175,26551588,6672771,364415172,362189165,143,f,f,2015-12-24 09:47:30,2015-12-29 16:54:11
11267801,29871327,6672771,365029038,362189165,144,f,f,2015-12-26 17:47:33,2015-12-29 16:56:28
11268335,26551588,6672771,365044873,362189165,145,f,f,2015-12-26 19:02:38,2015-12-26 19:03:27
11273565,26551588,6672771,365209566,365045015,146,f,f,2015-12-27 11:08:12,2015-12-28 07:07:09
11276505,16178616,6672771,365307731,365045015,147,f,f,2015-12-27 18:16:13,2015-12-28 07:07:47
11308201,26551588,6672771,366157411,366155340,148,f,f,2015-12-29 22:10:41,2015-12-29 22:12:01
11316685,26551588,6672771,366370295,366328829,149,f,f,2015-12-30 12:52:14,2015-12-31 09:40:27
11324877,30385227,6672771,366555693,366328829,150,f,f,2015-12-30 22:56:20,2016-01-01 08:40:00
11342464,29057714,6672771,367036715,366955334,151,f,f,2016-01-01 17:02:10,2016-01-03 11:15:32
11348326,20310122,6672771,367210610,366955334,152,f,f,2016-01-02 08:42:22,2016-01-02 08:44:04
11349664,20310122,6672771,367254512,367210862,153,f,f,2016-01-02 12:53:28,2016-01-03 19:26:11
11351560,16178616,6672771,367312931,367210862,154,f,f,2016-01-02 16:57:28,2016-01-04 13:18:27
11361109,29871327,6672771,367567901,367539345,155,f,f,2016-01-03 13:29:31,2016-01-03 19:35:13
11374454,29057714,6672771,367946467,367668601,156,f,f,2016-01-04 12:13:56,2016-01-04 13:19:48
11375833,20310122,6672771,367985624,367978216,157,f,f,2016-01-04 13:51:46,2016-01-04 14:27:35
11377142,30493482,6672771,368017758,368002294,158,f,f,2016-01-04 15:01:27,2016-01-04 15:18:27
11379385,30493482,6672771,368066692,368026322,159,f,f,2016-01-04 16:51:02,2016-01-04 16:51:57
11406795,26551588,6672771,368663838,368067038,160,f,f,2016-01-05 21:08:33,2016-01-09 08:16:14
11418321,20310122,6672771,368932804,368067038,161,f,f,2016-01-06 11:32:54,2016-01-06 12:50:56
11453805,30617276,6672771,369579796,368986117,162,f,f,2016-01-07 21:30:40,2016-01-08 09:15:40
11470286,20310122,6672771,370142889,369979296,163,f,f,2016-01-08 16:16:45,2016-01-09 08:15:51
11477852,21015045,6672771,370293577,369979296,164,f,f,2016-01-08 22:40:37,2016-01-09 08:16:31
11485514,26551588,6672771,370512678,370438145,165,f,f,2016-01-09 13:48:05,2016-01-09 13:48:24
11490354,21015045,6672771,370656676,370512760,166,f,f,2016-01-09 21:42:50,2016-01-09 21:47:30
11523253,21015045,6672771,371510370,370658125,167,f,f,2016-01-11 20:35:57,2016-01-12 08:59:48
11528374,26551588,6672771,371612804,370658125,168,f,f,2016-01-12 00:49:30,2016-01-18 18:25:00
11630198,21015045,6672771,373788445,372491627,169,f,f,2016-01-15 22:28:57,2016-01-18 22:19:52
11667821,20310122,6672771,374857411,372491627,170,f,f,2016-01-18 12:05:06,2016-01-18 17:04:42
11676917,16178616,6672771,375060150,375060712,171,f,f,2016-01-18 19:32:11,2016-01-18 22:18:31
11683328,20310122,6672771,375198975,375135669,172,f,f,2016-01-19 01:16:43,2016-01-19 09:44:21
11686772,16178616,6672771,375290570,375135669,173,f,f,2016-01-19 06:19:21,2016-01-19 09:44:34
11709598,20310122,6672771,375768074,375678888,174,f,f,2016-01-20 01:39:51,2016-01-20 08:02:48
11729533,26551588,6672771,376216872,375883352,175,f,f,2016-01-20 20:30:28,2016-01-20 20:35:19
11730698,21015045,6672771,376240632,376218948,176,f,f,2016-01-20 21:21:51,2016-01-20 21:22:31
11731847,21015045,6672771,376261390,376240969,177,f,f,2016-01-20 22:08:40,2016-01-20 22:42:28
11737815,20310122,6672771,376398214,376277232,178,f,f,2016-01-21 04:39:15,2016-01-23 09:59:44
11769887,20310122,6672771,377128034,376277232,179,f,f,2016-01-22 12:01:11,2016-01-23 10:00:11
11808466,16178616,6672771,378125510,377570948,180,f,f,2016-01-24 18:03:22,2016-01-24 18:11:31
11858519,21015045,6672771,379274198,379187104,181,f,f,2016-01-26 19:22:24,2016-01-28 09:38:26
11927336,20310122,6672771,380790537,379917154,182,f,f,2016-01-28 05:23:39,2016-03-14 17:09:13
11897896,20310122,6672771,380205825,379917154,183,f,f,2016-01-28 08:28:43,2016-01-28 09:14:37
11899554,20310122,6672771,380244948,380235697,184,f,f,2016-01-28 09:59:00,2016-01-28 10:03:55
11899974,20310122,6672771,380255187,380248248,185,f,f,2016-01-28 10:21:20,2016-01-28 10:24:04
11945105,21015045,6672771,381216311,380256944,186,f,f,2016-01-29 21:53:25,2016-01-30 06:05:41
11956752,13517771,6672771,381512447,381362287,187,f,f,2016-01-30 15:43:34,2016-01-30 17:46:16
11963188,13517771,6672771,381687529,381559038,188,f,f,2016-01-30 23:12:54,2016-01-31 00:33:43
11971162,13517771,6672771,381942058,381715227,189,f,f,2016-01-31 14:16:38,2016-01-31 18:21:33
11991134,31657007,6672771,382471833,382038627,190,f,f,2016-02-01 14:07:56,2016-02-01 14:08:34
11995344,19813112,6672771,382554355,382472309,191,f,f,2016-02-01 16:54:18,2016-02-01 21:50:58
12013094,20310122,6672771,382927324,382696198,192,f,f,2016-02-02 08:57:47,2016-02-02 11:20:42
12086656,20310122,6672771,384292344,383900866,193,f,f,2016-02-05 00:47:45,2016-02-05 05:44:14
12188353,21015045,6672771,387024875,386718492,194,f,f,2016-02-09 21:22:35,2016-02-15 10:07:30
12242065,14915220,6672771,388176252,387833965,195,f,f,2016-02-11 20:31:47,2016-02-11 20:47:51
12255379,20310122,6672771,388445448,388186164,196,f,f,2016-02-12 09:39:14,2016-02-12 09:41:05
12294721,20310122,6672771,389331322,388446352,197,f,f,2016-02-14 06:55:01,2016-02-14 06:59:47
12295755,21015045,6672771,389362772,389332361,198,f,f,2016-02-14 09:16:11,2016-02-15 10:44:06
12313498,21015045,6672771,389836166,389822458,199,f,f,2016-02-15 10:43:59,2016-02-15 10:44:43
12365535,20310122,6672771,391000809,389836431,200,f,f,2016-02-17 05:55:33,2016-02-22 09:45:31
12412676,16178616,6672771,392010898,389836431,201,f,f,2016-02-18 19:59:57,2016-02-18 22:46:10
12481837,26551588,6672771,393671003,392206192,202,f,f,2016-02-21 21:03:36,2016-02-22 09:39:27
12505193,32546566,6672771,394150523,393956815,203,f,f,2016-02-22 19:26:19,2016-02-22 19:59:03
12555380,19813112,6672771,395341070,395110672,204,f,f,2016-02-24 14:12:24,2016-02-24 15:22:29
12674042,32872839,6672771,398362458,396888836,205,f,f,2016-02-29 16:53:47,2016-02-29 17:04:04
12685255,14915220,6672771,398490010,398484264,206,f,f,2016-03-01 00:21:48,2016-03-14 17:22:22
12752177,20310122,6672771,400094262,398879133,207,f,f,2016-03-03 06:46:51,2016-03-03 09:22:43
12833321,32546566,6672771,401966531,400857437,208,f,f,2016-03-06 16:13:47,2016-03-14 17:23:49
12846957,33178226,6672771,402306111,400857437,209,f,f,2016-03-07 08:03:20,2016-03-07 09:47:08
12854458,33192256,6672771,402483010,384728928,210,f,f,2016-03-07 14:36:28,2016-03-07 16:29:47
12857526,33192256,6672771,402546216,384728928,211,f,f,2016-03-07 16:31:30,2016-03-14 17:24:27
12907322,33279067,6672771,403608236,403139776,212,f,f,2016-03-09 08:32:18,2016-03-09 10:47:07
13006671,21015045,6672771,405815008,403669829,213,f,f,2016-03-13 02:12:28,2016-03-13 08:24:40
13013775,13517771,6672771,406027231,384728928,214,f,f,2016-03-13 15:24:19,2016-03-14 17:25:04
13083826,28972180,6672771,407637903,407094236,215,f,f,2016-03-16 05:39:42,2016-03-18 13:46:07
13090252,33605164,6672771,407794464,407094236,216,f,f,2016-03-16 12:10:07,2016-03-16 12:29:05
13124193,20310122,6672771,408573568,408092652,217,f,f,2016-03-17 15:10:53,2016-03-17 15:17:04
13145353,20310122,6672771,409091877,408579128,218,f,f,2016-03-18 09:27:16,2016-03-18 13:47:39
13154183,20310122,6672771,409289695,409278490,219,f,f,2016-03-18 16:08:06,2016-03-18 16:13:27
13154297,6672771,6672771,409208699,409278490,220,t,f,2016-03-18 16:12:03,2016-03-18 16:12:53
13167761,20310122,6672771,409586433,409293749,221,f,f,2016-03-19 04:43:53,2016-03-19 11:06:55
13191620,26551588,6672771,410314746,409691597,222,f,f,2016-03-20 19:18:07,2016-03-20 19:34:57
13191642,26551588,6672771,410328032,409691597,223,f,f,2016-03-20 19:19:27,2016-03-20 19:35:18
13202725,20310122,6672771,410618023,410334029,224,f,f,2016-03-21 09:15:16,2016-03-21 09:16:38
13202809,33814338,6672771,410619113,410619754,225,f,f,2016-03-21 09:20:57,2016-03-21 17:09:43
13213738,33671912,6672771,410806376,410619754,226,f,f,2016-03-21 16:59:58,2016-03-21 17:09:27
13228681,20310122,6672771,411186853,411054093,227,f,f,2016-03-22 05:17:49,2016-03-22 10:18:44
13233373,33671912,6672771,411291087,411054093,228,f,f,2016-03-22 09:57:28,2016-03-22 10:14:26
13240199,33671912,6672771,411429241,411300373,229,f,f,2016-03-22 14:47:24,2016-03-23 09:32:58
13244265,33671912,6672771,411464588,411300373,230,f,f,2016-03-22 17:00:34,2016-03-23 09:32:21
13261647,20310122,6672771,411882037,411300373,231,f,f,2016-03-23 06:47:53,2016-03-23 09:57:37
13265550,33671912,6672771,411967542,411957038,232,f,f,2016-03-23 10:20:10,2016-03-23 12:18:09
13275433,20310122,6672771,412156435,412156433,233,f,f,2016-03-23 16:27:41,2016-03-23 16:28:48
13314418,21015045,6672771,412947720,412159994,234,f,f,2016-03-24 21:19:24,2016-03-25 13:28:01
13323231,20310122,6672771,413132207,412159994,235,f,f,2016-03-25 05:48:55,2016-03-29 20:14:49
13344794,21015045,6672771,413580139,413301384,236,f,f,2016-03-25 23:52:15,2016-03-26 08:11:11
13354250,21015045,6672771,413785841,413705895,237,f,f,2016-03-26 13:15:01,2016-03-26 15:22:27
13359472,21015045,6672771,413911206,413827535,238,f,f,2016-03-26 19:20:13,2016-03-26 20:00:41
13376181,21015045,6672771,414341365,413924827,239,f,f,2016-03-27 20:17:26,2016-03-28 16:14:51
13377501,13517771,6672771,414374211,413924827,240,f,f,2016-03-27 21:51:46,2016-03-27 22:14:34
13435206,19813112,6672771,415757846,415757835,241,f,f,2016-03-29 23:04:36,2016-03-30 17:19:54
13449535,34225282,6672771,416218601,415757835,242,f,f,2016-03-30 12:10:07,2016-03-30 17:20:13
13450884,33192256,6672771,416248685,415757835,243,f,f,2016-03-30 13:06:38,2016-04-20 10:51:58
13451225,33192256,6672771,416255305,415757835,244,f,f,2016-03-30 13:18:34,2016-03-30 17:20:39
13451420,33192256,6672771,416259074,415757835,245,f,f,2016-03-30 13:25:57,2016-03-31 18:44:31
13490241,33192256,6672771,417005780,416397619,246,f,f,2016-03-31 15:37:38,2016-03-31 17:23:21
13495778,19813112,6672771,417105390,417064203,247,f,f,2016-03-31 18:43:42,2016-03-31 18:44:06
13524373,34334001,6672771,417667665,417565483,248,f,f,2016-04-01 16:30:12,2016-04-20 10:52:23
13534927,14915220,6672771,417854261,417719293,249,f,f,2016-04-01 23:13:09,2016-04-20 10:52:36
13624023,20310122,6672771,419779967,417719293,250,f,f,2016-04-05 15:26:07,2016-04-20 10:53:09
13662406,27557931,6672771,420416890,417719293,251,f,f,2016-04-06 18:27:32,2016-04-20 10:53:54
13720511,13517771,6672771,421761365,417719293,252,f,f,2016-04-08 20:00:44,2016-04-09 15:22:21
13834304,35006302,6672771,424999702,422649198,253,f,f,2016-04-13 13:56:14,2016-04-20 10:55:16
13932139,13517771,6672771,426749553,426749543,254,f,f,2016-04-16 19:57:41,2016-04-16 22:05:05
13945947,21015045,6672771,427482245,427472453,255,f,t,2016-04-17 18:16:13,2016-04-18 07:37:11
13945408,21015045,6672771,427472455,427472453,256,f,t,2016-04-17 21:17:48,2016-04-18 07:36:55
14127758,35576014,6672771,432187790,430446371,257,f,f,2016-04-23 04:39:56,2016-04-27 16:10:21
14148604,20310122,6672771,432709942,430446371,258,f,f,2016-04-24 06:19:56,2016-04-25 08:30:23
14318763,20310122,6672771,436151112,435621576,259,f,f,2016-04-29 11:05:20,2016-05-08 20:18:58
14321720,33671912,6672771,436212054,435621576,260,f,f,2016-04-29 13:15:05,2016-04-30 07:53:15
14422754,36296496,6672771,438457358,436675957,261,f,f,2016-05-03 13:12:40,2016-05-03 13:18:56
14530977,36514100,6672771,440758475,440562563,262,f,f,2016-05-06 23:21:42,2016-05-07 10:15:19
14692565,27557931,6672771,443860778,443860774,263,f,f,2016-05-13 13:14:07,2016-05-13 13:16:22
14696428,28972180,6672771,443978989,443978983,264,f,f,2016-05-13 15:48:27,2016-05-16 16:47:03
14735672,26551588,6672771,446360914,443978983,265,f,f,2016-05-15 17:58:34,2016-05-15 18:12:29
14756568,26551588,6672771,446877558,446365897,266,f,t,2016-05-16 15:48:10,2016-05-27 09:41:26
14910082,26551588,6672771,450134990,449348600,267,f,f,2016-05-21 21:58:23,2016-05-22 09:27:19
14938027,33814338,6672771,450896136,450435564,268,f,t,2016-05-23 11:17:26,2016-05-27 09:41:26
14958973,27557931,6672771,451364213,450435564,269,f,t,2016-05-23 17:04:30,2016-05-27 09:41:26
14946967,37464979,6672771,451110981,450435564,270,f,f,2016-05-23 18:45:55,2016-05-23 23:23:28
15001934,26551588,6672771,452294996,451252218,271,f,t,2016-05-25 06:09:56,2016-05-25 12:27:06
15022705,33671912,6672771,452717180,452295007,272,f,t,2016-05-25 13:10:59,2016-05-27 09:41:26
15006249,20310122,6672771,452387963,452360526,273,f,t,2016-05-25 16:11:32,2016-05-27 09:41:27
15029561,37633250,6672771,452908725,452426109,274,f,f,2016-05-26 09:31:32,2016-05-26 11:53:12
15029953,37631854,6672771,452915846,452426109,275,f,t,2016-05-26 09:50:59,2016-05-27 09:41:27
15136000,37936401,6672771,455471696,455471681,276,f,t,2016-05-31 07:58:12,2016-06-09 11:55:09
15316873,38594278,6672771,460269794,458006847,277,f,t,2016-06-07 15:29:22,2016-06-07 15:38:48
15370628,38809034,6672771,461727307,460275476,278,f,t,2016-06-09 09:28:07,2016-06-13 09:25:30
15422886,38900818,6672771,462860880,462860879,279,f,f,2016-06-11 10:46:29,2016-07-04 18:28:03
15523125,26551588,6672771,466653479,466651358,281,f,t,2016-06-19 21:40:34,2016-07-20 22:02:54
15556819,39741120,6672771,467908526,466926786,282,f,t,2016-06-22 11:05:39,2016-07-04 18:47:07
15662223,40358851,6672771,472278943,468478295,283,f,t,2016-07-01 15:06:32,2016-07-21 20:10:16
15836021,33671912,6672771,480220634,473904955,285,f,t,2016-07-05 09:39:18,2016-07-20 22:02:54
15745192,40984714,6672771,475621292,474839973,286,f,f,2016-07-12 15:32:04,2016-07-18 07:11:44
15752338,20310122,6672771,475771957,474839973,287,f,f,2016-07-13 04:03:35,2016-07-20 13:54:26
15760018,20310122,6672771,476394382,474839973,288,f,t,2016-07-13 18:01:53,2016-07-18 06:40:27
15801334,26551588,6672771,478234573,474839973,289,f,t,2016-07-15 17:41:49,2016-07-18 06:25:17
16248677,16178616,6672771,493327837,492549571,293,f,t,2016-08-14 11:47:42,2016-08-26 09:45:37
16277329,26551588,6672771,494009740,494009733,294,f,t,2016-08-15 18:58:58,2016-08-17 08:18:46
16290459,42599392,6672771,494272428,492549571,295,f,t,2016-08-16 06:01:27,2016-08-16 07:01:35
16393541,43857334,6672771,496642411,495942894,296,f,t,2016-08-19 15:20:18,2016-08-21 07:01:31
16394713,26551588,6672771,496671591,495942894,297,f,t,2016-08-19 16:04:11,2016-08-26 10:10:20
16403576,21015045,6672771,496838558,495942894,298,f,t,2016-08-19 21:36:10,2016-08-20 16:41:31
16418844,21015045,6672771,497255072,497175600,299,f,t,2016-08-20 20:36:31,2016-08-20 20:37:32
16449077,43859205,6672771,498062346,498034463,300,f,t,2016-08-22 13:27:34,2016-08-26 10:26:46
16547841,40984714,6672771,500118816,498034463,301,f,t,2016-08-25 15:19:14,2016-08-31 10:02:00
16572725,43859205,6672771,500678857,500643327,302,f,t,2016-08-26 12:05:10,2016-08-26 13:18:07
16638515,20310122,6672771,502320478,502195480,303,f,t,2016-08-29 16:27:53,2016-08-29 16:29:19
16690651,20310122,6672771,503147040,503147024,304,f,t,2016-08-31 10:59:48,2016-08-31 12:02:45
16704983,26551588,6672771,503322949,503322939,305,f,t,2016-08-31 20:38:06,2016-09-12 16:01:30
16796787,42599392,6672771,506647587,506434002,306,f,t,2016-09-04 18:57:02,2016-09-12 16:01:30
16959976,45485397,6672771,510241003,509777940,307,f,t,2016-09-10 14:10:42,2016-10-07 14:59:40
16981217,26551588,6672771,510815076,509777940,308,f,t,2016-09-11 20:00:00,2016-09-13 20:49:21
16995194,20310122,6672771,511182161,509777940,309,f,t,2016-09-12 11:59:17,2016-09-13 08:21:39
17008737,38026926,6672771,511497153,511326929,310,f,t,2016-09-12 20:38:43,2016-09-13 05:23:53
17044282,45680812,6672771,512272686,512220677,311,f,t,2016-09-13 22:36:42,2016-09-13 22:38:51
17053025,33671912,6672771,512478072,512275036,312,f,t,2016-09-14 07:54:22,2016-09-14 08:14:49
17074865,26551588,6672771,512926259,512728555,313,f,t,2016-09-14 21:36:24,2016-09-16 13:27:44
17222438,40984714,6672771,516395253,514879783,314,f,t,2016-09-20 16:42:08,2016-10-07 14:59:40
17229873,26551588,6672771,516528284,514879783,315,f,t,2016-09-20 20:38:40,2016-09-20 20:40:01
17301709,46397488,6672771,518085870,517928677,316,f,t,2016-09-23 04:05:35,2016-09-23 04:47:34
17307462,29057714,6672771,518225253,518099833,317,f,t,2016-09-23 09:47:58,2016-10-07 14:59:40
17357825,26551588,6672771,519467096,518563583,318,f,t,2016-09-25 19:49:25,2016-09-26 15:50:22
17358447,46567139,6672771,519486372,518563583,319,f,t,2016-09-25 20:31:55,2016-09-25 20:53:58
17425018,26551588,6672771,520852622,519966904,320,f,f,2016-09-27 21:33:55,2016-09-27 21:43:57
17427151,42599392,6672771,520892799,520856646,321,f,t,2016-09-27 22:59:56,2016-09-28 07:27:45
17486294,42599392,6672771,521518391,521518379,322,f,t,2016-09-29 18:01:50,2016-09-30 08:10:49
17559838,33671912,6672771,524440527,522973471,323,f,t,2016-10-02 15:20:44,2016-10-07 14:59:40
17576350,26551588,6672771,524899726,522973471,324,f,t,2016-10-03 06:42:58,2016-10-03 06:58:05
17579223,16178616,6672771,524974274,524907462,325,f,t,2016-10-03 09:07:59,2016-10-03 09:24:56
17674734,26551588,6672771,525726840,525726820,326,f,t,2016-10-06 06:19:09,2016-10-06 06:22:52
17674813,26551588,6672771,525727378,525727369,327,f,t,2016-10-06 06:24:09,2016-10-07 14:59:40
17735580,33671912,6672771,527112721,527112718,328,f,t,2016-10-08 11:10:15,2016-10-10 15:57:37
17780295,29057714,6672771,530135255,527112718,329,f,t,2016-10-10 14:23:22,2016-10-10 18:23:56
17792523,33671912,6672771,530368457,530303644,330,f,t,2016-10-10 21:09:12,2016-10-11 15:44:31
17872105,34334001,6672771,532290136,530965238,331,f,f,2016-10-13 11:32:05,2016-12-29 07:59:02
17959150,26551588,6672771,535460071,530965238,332,f,t,2016-10-16 15:24:40,2016-10-17 09:45:25
18035350,48680932,6672771,537394747,535925910,333,f,t,2016-10-19 08:43:59,2016-10-19 12:10:58
18076816,21015045,6672771,537953590,537953589,334,f,t,2016-10-20 08:52:23,2016-10-20 08:54:27
18145561,21015045,6672771,540389528,538918750,335,f,t,2016-10-22 21:33:44,2016-10-23 12:55:15
18175397,40984714,6672771,541203731,540672899,336,f,t,2016-10-24 09:55:46,2016-10-24 11:07:46
18523455,33671912,6672771,548695730,547840613,337,f,t,2016-11-03 23:02:22,2016-11-04 09:31:09
18755516,21015045,6672771,554456338,552243205,338,f,t,2016-11-11 21:00:30,2016-11-14 07:09:40
18769573,50555025,6672771,554795554,554493671,339,f,t,2016-11-12 14:20:30,2016-11-12 14:22:02
18785298,50597600,6672771,555234119,554796570,340,f,t,2016-11-13 11:43:42,2016-11-13 17:38:20
18798217,29066173,6672771,555589763,555384734,341,f,t,2016-11-14 01:47:27,2016-11-14 13:55:19
18824633,50597600,6672771,556157634,555913357,342,f,t,2016-11-14 20:24:40,2016-11-14 20:36:01
18842345,50754900,6672771,556499090,556238027,343,f,t,2016-11-15 08:51:43,2016-11-15 10:56:05
18850791,50754900,6672771,556683220,556566348,344,f,t,2016-11-15 14:31:50,2016-11-17 10:14:49
18863602,20310122,6672771,556940541,556566348,345,f,t,2016-11-15 21:13:51,2016-11-17 11:21:44
18928011,50957486,6672771,558261453,558109242,346,f,t,2016-11-17 15:44:53,2016-11-19 14:47:48
18952640,26551588,6672771,558714383,558109242,347,f,t,2016-11-18 07:05:03,2016-11-19 09:37:28
18986525,20310122,6672771,559437861,559413008,348,f,t,2016-11-19 10:58:39,2016-11-19 14:43:39
18990770,27557931,6672771,559563539,559519564,349,f,t,2016-11-19 16:34:13,2016-11-21 11:08:49
18993428,42599392,6672771,559629761,559519564,350,f,t,2016-11-19 19:14:34,2016-11-20 10:34:22
19004526,21015045,6672771,559892883,559519564,351,f,t,2016-11-20 08:46:51,2016-11-30 06:43:24
19030974,26551588,6672771,560591435,560546605,352,f,t,2016-11-21 12:27:00,2016-12-08 11:11:59
19047504,51258578,6672771,560914105,560546605,353,f,t,2016-11-21 21:15:34,2016-11-21 21:45:32
19132548,26551588,6672771,562690425,561251880,354,f,t,2016-11-24 07:27:40,2016-11-28 08:59:08
19192819,51623803,6672771,564502267,561251880,355,f,t,2016-11-26 18:45:38,2016-11-28 08:32:44
19196323,27557931,6672771,564623417,561251880,356,f,t,2016-11-26 22:31:21,2016-11-28 08:58:48
19240943,51623803,6672771,566363194,565961161,357,f,t,2016-11-28 19:27:26,2016-11-28 20:10:50
19279695,51837980,6672771,567377007,567094621,358,f,t,2016-11-30 00:57:03,2016-11-30 06:43:08
19339884,21015045,6672771,568631826,568631833,359,f,t,2016-12-01 21:52:14,2016-12-01 22:01:31
19342443,33671912,6672771,568678286,568639594,360,f,t,2016-12-01 22:59:24,2016-12-01 23:04:20
19391274,42599392,6672771,569674763,568682093,361,f,t,2016-12-02 00:46:54,2016-12-08 11:12:58
19407979,42599392,6672771,570110912,568682093,362,f,t,2016-12-03 20:05:18,2016-12-04 09:04:34
19837620,21015045,6672771,580199433,580199427,363,f,t,2016-12-20 21:22:05,2016-12-20 21:30:05
19850951,50597600,6672771,580303183,580303173,364,f,t,2016-12-21 08:59:01,2016-12-21 09:24:16
19958922,53553959,6672771,586124891,586081280,365,f,t,2016-12-27 16:54:21,2016-12-27 17:00:18
20009077,26551588,6672771,586713472,586359724,366,f,t,2016-12-29 07:02:41,2016-12-29 07:56:36
20062883,53891588,6672771,589504748,586359724,367,f,t,2017-01-02 13:31:23,2017-02-02 10:53:05
20091207,53981166,6672771,590200233,586359724,368,f,t,2017-01-03 16:32:19,2017-01-03 22:28:43
20100399,51837980,6672771,590375669,586359724,369,f,t,2017-01-03 22:06:43,2017-01-04 09:19:00
20396827,33671912,6672771,596833694,587699246,370,f,t,2017-01-13 14:25:17,2017-01-13 15:24:40
20439439,13517771,6672771,597923295,597884840,371,f,f,2017-01-15 10:52:18,2017-01-15 10:55:31
20439617,13517771,6672771,597928576,597884840,372,f,f,2017-01-15 11:08:04,2017-01-15 14:19:32
20479332,20310122,6672771,598926135,598667595,373,f,t,2017-01-16 22:13:51,2017-01-17 09:47:05
20512423,20310122,6672771,599643479,599629913,374,f,t,2017-01-17 21:04:34,2017-01-17 21:13:29
20522305,55024836,6672771,599822250,599652118,375,f,f,2017-01-18 03:03:46,2017-01-18 10:20:56
20550365,13517771,6672771,600373453,596870768,376,f,t,2017-01-18 21:01:40,2017-01-19 07:49:38
20553413,55165554,6672771,600426927,599652118,377,f,f,2017-01-18 22:31:03,2017-01-19 10:30:21
20573264,29057714,6672771,600821708,599652118,378,f,t,2017-01-19 13:18:20,2017-01-19 14:55:04
20690257,51837980,6672771,604015967,603695262,379,f,t,2017-01-23 17:50:26,2017-02-02 10:53:05
20815666,21015045,6672771,607147689,603695262,380,f,t,2017-01-27 13:28:18,2017-02-02 10:53:05
20902269,20310122,6672771,609149957,608952058,381,f,f,2017-01-30 22:36:21,
21149807,50957486,6672771,612633120,612633119,382,f,t,2017-02-04 15:22:10,2017-02-04 15:28:28
21086259,42599392,6672771,612633121,612212077,383,f,f,2017-02-04 21:00:36,
21063425,56347266,6672771,612259189,612212075,384,f,t,2017-02-05 22:06:01,2017-02-15 21:49:38
21125715,19813112,6672771,612881813,612881808,385,f,t,2017-02-07 14:32:21,2017-02-07 16:46:42
21142684,26551588,6672771,612988126,612988122,386,f,t,2017-02-07 22:55:13,2017-02-15 20:46:04
21255399,56696935,6672771,614294880,614287103,387,f,f,2017-02-10 16:53:15,2017-02-10 17:56:50
21376540,42599392,6672771,618145444,617857227,388,f,t,2017-02-14 18:43:37,2017-02-14 19:10:45
21379600,16178616,6672771,618187341,618187340,389,f,t,2017-02-14 20:07:57,2017-02-14 20:45:04
21422775,13517771,6672771,618992922,618992917,390,f,f,2017-02-15 23:47:53,2017-02-15 23:49:52
21423283,13517771,6672771,619009662,618992917,391,f,t,2017-02-16 00:04:22,2017-02-17 16:07:00
21429831,21015045,6672771,619132267,618992917,392,f,t,2017-02-16 05:38:22,2017-02-16 07:52:46
21486637,20310122,6672771,620067498,620041886,393,f,t,2017-02-17 17:24:54,2017-02-25 21:50:04
21488358,20310122,6672771,620092666,620041886,394,f,t,2017-02-17 18:21:57,2017-02-25 21:50:53
21536920,26551588,6672771,624549257,624549254,395,f,t,2017-02-19 19:46:09,2017-02-21 17:09:25
21606882,51837980,6672771,628207400,628207396,396,f,t,2017-02-21 18:20:50,2017-02-21 18:40:09
21629986,21015045,6672771,629100697,628882004,397,f,t,2017-02-22 10:10:12,2017-02-23 09:36:51
21636906,33671912,6672771,629249868,628882004,398,f,f,2017-02-22 13:54:01,2017-03-01 23:02:11
21721532,20310122,6672771,631418497,630488643,399,f,f,2017-02-24 15:34:00,2017-02-26 05:42:39
21764383,20310122,6672771,632428633,632266794,400,f,t,2017-02-26 05:47:56,2017-02-26 08:49:15
21787947,58260913,6672771,633103222,632776712,401,f,t,2017-02-27 06:41:23,2017-03-01 23:02:24
21793388,58276221,6672771,633220468,632776712,402,f,t,2017-02-27 10:24:30,2017-02-27 10:29:24
21894086,26551588,6672771,635276023,634816532,403,f,t,2017-03-01 21:17:50,2017-03-01 21:23:55
21921638,58591591,6672771,635843289,635340526,404,f,t,2017-03-02 14:44:48,2017-03-21 08:58:23
21949493,26551588,6672771,636430614,635340526,405,f,t,2017-03-03 06:25:02,2017-03-04 09:02:03
21990257,13517771,6672771,637274362,637218018,406,f,f,2017-03-04 11:44:21,2017-03-05 22:44:57
22009757,58831450,6672771,637855924,637218018,407,f,t,2017-03-05 11:04:16,2017-04-04 09:11:26
22022343,58881855,6672771,638291119,637218018,408,f,t,2017-03-05 22:32:40,2017-03-05 22:45:27
22206447,59334201,6672771,642096469,641404531,409,f,t,2017-03-10 13:23:05,2017-03-10 13:25:28
22321101,26551588,6672771,644700168,642196580,410,f,t,2017-03-14 07:55:45,2017-03-21 08:56:46
22351171,59701000,6672771,645299020,642196580,411,f,t,2017-03-14 22:50:55,2017-03-14 22:53:11
22651947,50754900,6672771,650566568,650321364,412,f,t,2017-03-22 18:29:15,2017-03-31 05:16:09
22657871,60346629,6672771,650612044,650321364,413,f,t,2017-03-23 09:54:15,2017-03-23 09:58:31
22844761,51837980,6672771,657105264,653070535,414,f,f,2017-03-28 20:30:59,2017-03-31 05:15:16
22952127,61148539,6672771,659272398,659143066,415,f,t,2017-03-31 09:23:34,2017-03-31 11:57:42
23019848,59701000,6672771,660850599,660161486,416,f,t,2017-04-02 20:32:04,2017-04-02 21:18:55
23124555,61562521,6672771,662943140,661984671,417,f,t,2017-04-05 12:21:12,2017-04-05 15:20:16
23129265,56654090,6672771,663039058,663026874,418,f,t,2017-04-05 14:27:24,2017-04-05 16:21:08
23283255,48680932,6672771,666493643,665353989,419,f,t,2017-04-09 21:49:46,2017-04-10 08:43:47
23339610,56654090,6672771,667760799,666780898,420,f,t,2017-04-11 11:10:35,2017-04-13 14:23:31
23350041,33671912,6672771,667980093,666780898,421,f,t,2017-04-11 16:23:16,2017-04-11 16:48:46
23374331,42599392,6672771,668431870,667997407,422,f,t,2017-04-12 06:31:06,2017-04-13 14:23:31
23470698,42599392,6672771,670378644,669524465,423,f,t,2017-04-14 17:46:53,2017-04-24 09:13:27
23515222,42599392,6672771,671530238,669524465,424,f,t,2017-04-16 20:22:45,2017-04-24 09:11:56
23548139,26551588,6672771,672306343,669524465,425,f,t,2017-04-17 21:56:23,2017-04-18 05:59:41
23751529,58276221,6672771,676801470,672537844,426,f,f,2017-04-23 18:10:09,2018-05-03 14:04:56
23777283,33671912,6672771,677411735,677181850,427,f,t,2017-04-24 14:44:57,2017-04-24 16:24:58
23777576,33671912,6672771,677417065,677181850,428,f,t,2017-04-24 14:51:13,2017-04-24 14:56:53
23888816,60985092,6672771,679817729,677492293,429,f,t,2017-04-27 07:18:34,2017-04-29 17:51:19
24013874,63651365,6672771,682535781,681630524,430,f,t,2017-05-01 10:36:10,2017-05-20 02:20:18
24096633,50957486,6672771,684299626,681630524,431,f,t,2017-05-03 13:24:04,2017-05-03 16:19:10
24101313,29057714,6672771,684394118,681630524,432,f,t,2017-05-03 15:13:42,2017-05-10 11:34:56
24141238,63998777,6672771,685235938,684452906,433,f,t,2017-05-04 14:16:29,2017-05-04 14:17:30
24334477,26551588,6672771,689505303,688323059,434,f,t,2017-05-10 06:01:41,2017-05-10 11:35:12
24334747,26551588,6672771,689513168,688323059,435,f,t,2017-05-10 06:19:31,2017-05-10 11:35:39
24373347,64542111,6672771,690288015,689721567,436,f,t,2017-05-11 02:10:32,2017-05-15 09:15:41
24448542,20310122,6672771,691829683,691798961,437,f,t,2017-05-12 22:06:46,2017-05-20 02:20:19
24531883,26551588,6672771,693724745,693527117,438,f,t,2017-05-15 22:04:18,2017-05-16 01:13:48
24753778,43859205,6672771,698458668,697369553,439,f,t,2017-05-22 09:24:03,2017-05-22 12:07:32
25111627,66260321,6672771,706096369,705337985,440,f,t,2017-06-02 19:54:19,2017-06-06 08:13:57
25139079,51623803,6672771,706703725,705337985,441,f,t,2017-06-03 21:20:18,2017-06-09 16:21:22
25262435,66520910,6672771,709480855,708339167,442,f,t,2017-06-07 15:41:52,2017-06-07 15:46:34
25294711,63651365,6672771,710134236,709484483,443,f,t,2017-06-08 11:21:02,2017-06-24 11:49:29
25352167,66558148,6672771,711330677,711173484,444,f,t,2017-06-09 21:01:00,2017-06-16 15:02:49
25400279,66978322,6672771,712612377,711173484,445,f,t,2017-06-12 06:10:22,2017-06-12 07:09:52
25410148,11598008,6672771,712853512,712642755,446,f,t,2017-06-12 13:05:50,2017-06-12 14:04:28
25565852,6672771,6672771,716204841,715412249,447,t,t,2017-06-16 12:50:11,2017-06-16 15:03:05
25567881,21015045,6672771,716250541,715412249,448,f,t,2017-06-16 13:54:45,2017-06-16 15:03:17
25667879,67583225,6672771,718310649,718320598,449,f,t,2017-06-20 06:18:10,2017-06-24 09:51:24
25845840,26551588,6672771,722284220,722018953,450,f,t,2017-06-24 23:02:51,2017-07-06 17:04:44
25882173,68103515,6672771,723216270,722018953,451,f,t,2017-06-26 12:11:42,2017-07-06 14:03:38
26000037,68357971,6672771,725800435,723359500,452,f,t,2017-06-29 08:06:33,2017-06-29 08:18:53
26021111,21015045,6672771,726243127,725880912,453,f,t,2017-06-29 18:37:34,2017-07-06 14:02:09
26027454,20310122,6672771,726368971,725880912,454,f,t,2017-06-29 21:45:22,2017-07-06 14:01:58
26227148,6672771,6672771,731121660,731083619,455,t,t,2017-07-06 15:25:37,2017-07-06 17:07:57
26369921,66978322,6672771,734272462,733554112,456,f,t,2017-07-11 06:14:37,2017-07-11 07:57:43
26412702,28972180,6672771,735137636,734326900,457,f,t,2017-07-12 06:57:27,2017-07-12 08:33:52
26508283,69591331,6672771,737060326,735313902,458,f,t,2017-07-14 15:14:26,2017-07-14 15:46:55
26556868,6672771,6672771,738224114,737084784,459,t,t,2017-07-16 16:53:10,2017-07-19 11:36:48
26562486,69731419,6672771,738364682,737084784,460,f,t,2017-07-16 22:20:54,2017-07-17 07:19:28
26597665,13517771,6672771,739145599,738586960,461,f,t,2017-07-17 21:03:11,2017-07-19 11:36:23
26640046,40984714,6672771,740063241,738586960,462,f,t,2017-07-18 22:30:33,2017-07-19 11:37:16
26715489,70110758,6672771,741714451,740560432,463,f,t,2017-07-20 20:22:45,2017-07-21 06:28:27
26767910,70238980,6672771,742833139,742011319,464,f,t,2017-07-22 10:32:30,2017-08-21 08:51:53
26813693,26551588,6672771,744068469,742011319,465,f,t,2017-07-24 12:10:27,2017-07-28 18:22:52
26822048,33671912,6672771,744208353,742011319,466,f,t,2017-07-24 16:13:26,2017-08-21 08:51:53
26948691,70675980,6672771,746868074,742011319,467,f,t,2017-07-27 17:10:01,2017-08-21 08:52:01
26951567,70683002,6672771,746911493,742011319,468,f,t,2017-07-27 18:14:38,2017-08-21 09:01:13
27105674,6672771,6672771,750449926,748317973,469,t,f,2017-08-01 18:11:40,2017-08-23 09:14:50
27821813,33671912,6672771,765784302,764918900,470,f,t,2017-08-22 11:54:34,2017-08-22 12:03:20
27843567,72764802,6672771,766212928,765973132,471,f,t,2017-08-22 22:16:17,2017-08-23 10:13:58
27872553,33671912,6672771,766844209,766772864,472,f,t,2017-08-23 16:31:14,2017-08-31 15:50:01
27875959,42599392,6672771,766913185,766850845,473,f,t,2017-08-23 18:09:38,2017-08-23 18:10:41
27898994,71714454,6672771,767378480,767374895,474,f,t,2017-08-24 08:56:42,2017-08-24 09:14:44
27925675,13517771,6672771,767880237,767392333,475,f,t,2017-08-24 21:54:26,2017-08-25 05:20:05
28048900,26551588,6672771,770726920,770278174,476,f,t,2017-08-29 06:05:25,2017-08-29 06:37:54
28068327,73292016,6672771,771109832,770741741,477,f,t,2017-08-29 16:14:08,2017-09-04 09:59:27
28224348,13517771,6672771,774283409,772783759,478,f,t,2017-09-02 21:09:06,2017-09-04 09:12:18
28398092,26551588,6672771,777968972,775134034,479,f,f,2017-09-07 17:24:48,2017-09-12 15:18:15
28483807,13517771,6672771,779890959,778610518,480,f,t,2017-09-10 14:51:13,2017-09-10 16:36:06
28568856,74517980,6672771,781744203,781485963,481,f,f,2017-09-12 17:52:28,2017-09-12 17:55:28
28607465,71714454,6672771,782554041,782489911,482,f,t,2017-09-13 16:04:05,2017-09-13 16:06:15
28836291,13517771,6672771,787544455,784141310,483,f,f,2017-09-19 20:34:39,2017-09-23 12:57:37
28839692,13517771,6672771,787606350,784141310,484,f,t,2017-09-19 22:05:35,2017-09-20 08:44:39
28869593,6672771,6672771,788224193,787936374,485,t,t,2017-09-20 15:47:46,2017-09-20 15:51:33
28975964,13517771,6672771,789730367,789579130,486,f,t,2017-09-23 12:56:37,2017-09-28 13:12:15
29004039,75527345,6672771,790105777,789579130,487,f,t,2017-09-24 20:02:42,2017-09-25 07:12:02
29020022,75606645,6672771,790632793,790631902,488,f,t,2017-09-25 09:55:37,2017-09-25 10:55:15
29262959,50957486,6672771,796652991,795644595,489,f,t,2017-09-30 18:12:40,2017-09-30 20:05:47
29272929,76182133,6672771,796902480,796716883,490,f,t,2017-10-01 04:32:26,2017-10-01 07:53:48
29331122,73321056,6672771,798181764,797630440,491,f,t,2017-10-02 20:43:58,2017-10-02 20:44:48
29501066,20310122,6672771,801146781,800814700,492,f,t,2017-10-06 06:45:16,2017-10-06 07:01:38
29541735,50957486,6672771,801908156,801155781,493,f,t,2017-10-07 03:46:02,2017-10-09 09:43:38
29711589,21015045,6672771,805129526,803516024,494,f,t,2017-10-11 17:08:17,2017-10-17 15:18:49
29761618,50957486,6672771,806502100,806318537,495,f,t,2017-10-12 17:57:29,2017-10-12 18:01:13
29839508,77371767,6672771,808610524,807147615,496,f,t,2017-10-14 15:54:40,2017-11-27 19:13:22
29993339,77094697,6672771,811669627,811347667,497,f,f,2017-10-18 06:22:37,2017-10-18 06:23:44
29994340,50957486,6672771,811695955,811347667,498,f,t,2017-10-18 07:02:31,2017-10-18 10:29:20
29995010,77094697,6672771,811705146,811347667,499,f,t,2017-10-18 07:18:42,2017-10-18 08:43:06
30120342,50957486,6672771,814077696,811838711,500,f,t,2017-10-20 17:39:28,2017-10-20 18:08:53
30483045,40984714,6672771,821348332,820612940,501,f,t,2017-10-28 22:59:32,2017-10-29 06:40:46
30494945,26551588,6672771,821639725,821524408,502,f,t,2017-10-29 11:18:14,2017-10-29 11:59:03
30605990,33671912,6672771,823774891,821657745,503,f,t,2017-10-31 17:20:32,2017-12-12 12:51:05
30649224,50957486,6672771,824595228,821657745,504,f,t,2017-11-01 15:06:50,2017-11-01 20:45:21
31590977,40984714,6672771,845342287,842661509,505,f,t,2017-11-23 13:25:41,2017-11-23 14:27:55
31683955,20310122,6672771,847675511,847589372,506,f,t,2017-11-26 17:20:54,2017-11-30 19:16:35
31723274,21015045,6672771,848630745,847589372,507,f,t,2017-11-27 17:08:58,2017-11-27 17:12:39
31729245,21015045,6672771,848740919,848634636,508,f,t,2017-11-27 19:09:27,2017-11-27 19:12:16
31892566,28972180,6672771,852071341,851955065,509,f,t,2017-11-30 21:41:38,2017-11-30 22:20:21
31907325,16178616,6672771,852374297,852101278,510,f,t,2017-12-01 05:57:00,2017-12-01 06:41:24
31922860,50957486,6672771,852670831,852578377,511,f,t,2017-12-01 13:11:17,2017-12-02 08:01:14
32049264,13517771,6672771,855539469,853504714,512,f,t,2017-12-04 20:50:47,2017-12-04 21:02:58
32094256,29057714,6672771,856502809,856143687,513,f,t,2017-12-05 18:10:39,2017-12-05 18:53:54
32148792,16178616,6672771,857658470,857514153,514,f,t,2017-12-06 20:12:46,2017-12-06 23:16:09
32235357,13517771,6672771,859449963,859384841,515,f,t,2017-12-08 15:39:47,2017-12-08 15:52:48
32267846,10998035,6672771,860147630,859679730,516,f,t,2017-12-09 14:04:26,2017-12-09 14:17:06
32276167,10998035,6672771,860364945,860158140,517,f,t,2017-12-09 20:43:25,2017-12-28 09:42:20
32291333,82734178,6672771,860830480,860158140,518,f,f,2017-12-10 14:22:30,2018-05-03 14:04:11
32375796,33671912,6672771,862651759,862193113,519,f,t,2017-12-12 10:38:51,2017-12-12 12:05:18
32387993,82941896,6672771,862911030,862751925,520,f,t,2017-12-12 15:49:56,2017-12-12 19:56:18
32914226,26551588,6672771,874998133,874265940,522,f,t,2017-12-28 08:55:14,2017-12-28 09:31:28
32914239,26551588,6672771,874998491,874265940,523,f,t,2017-12-28 08:56:06,2017-12-28 09:32:39
32934194,26551588,6672771,875443436,875024734,524,f,f,2017-12-28 22:12:31,2017-12-29 13:26:34
33072126,84554068,6672771,878799547,878146409,525,f,t,2018-01-03 10:17:36,2018-01-03 10:35:05
33209285,84831746,6672771,881590833,880175151,526,f,t,2018-01-06 20:34:08,2018-01-09 09:47:22
33268592,51623803,6672771,882946526,880175151,527,f,t,2018-01-08 16:11:25,2018-01-08 16:19:05
33287909,63326618,6672771,883275578,882954555,528,f,t,2018-01-08 23:28:40,2018-01-10 21:09:10
33463123,77094697,6672771,886493596,886439432,529,f,f,2018-01-12 09:29:20,2018-01-12 09:57:02
33487623,50957486,6672771,886953088,886439432,530,f,t,2018-01-12 20:17:25,2018-01-12 21:02:28
33666017,85893516,6672771,890858844,889159963,531,f,t,2018-01-17 13:17:28,2018-01-17 19:43:35
33873322,85161765,6672771,894882459,891191011,532,f,t,2018-01-22 06:23:25,2018-04-03 15:46:54
33875460,70675980,6672771,894988398,891191011,533,f,t,2018-01-22 07:34:49,2018-01-22 07:42:16
34275723,87219599,6672771,903179415,903067531,534,f,t,2018-01-30 19:03:20,2018-02-07 10:55:20
34284461,50957486,6672771,903337723,903067531,535,f,t,2018-01-30 22:22:25,2018-01-30 22:27:16
34323287,67583225,6672771,904123066,903341555,536,f,f,2018-01-31 17:28:48,2018-01-31 17:29:12
34323566,42599392,6672771,904127548,903341555,537,f,t,2018-01-31 17:33:57,2018-01-31 19:45:29
34610223,26551588,6672771,907287569,905248604,538,f,t,2018-02-07 10:33:41,2018-02-08 20:38:52
34750381,13517771,6672771,909987961,909987947,539,f,t,2018-02-09 22:25:23,2018-02-09 22:43:05
34865126,50957486,6672771,915996617,913704848,540,f,t,2018-02-13 00:16:33,2018-02-13 08:16:17
34957421,50957486,6672771,917680974,916255621,541,f,t,2018-02-14 18:31:38,2018-02-28 10:18:35
35016275,21015045,6672771,918702991,916255621,542,f,t,2018-02-15 21:27:02,2018-04-03 14:51:59
35054992,88901503,6672771,919350944,916255621,543,f,t,2018-02-16 16:16:56,2018-02-16 16:19:56
35080399,88941048,6672771,919757708,919354213,544,f,t,2018-02-17 03:04:47,2018-02-17 08:21:49
35519536,13517771,6672771,928441343,922454859,545,f,t,2018-02-26 22:21:09,2018-02-28 10:17:33
35765109,26551588,6672771,933041952,931262811,546,f,t,2018-03-03 09:51:11,2018-04-03 14:51:22
36053915,69591331,6672771,938491415,938473476,547,f,t,2018-03-08 16:39:35,2018-03-08 16:41:26
36151723,91134502,6672771,940436274,938493245,548,f,t,2018-03-10 17:50:35,2018-03-11 19:40:56
36172280,87219599,6672771,941032414,938493245,549,f,t,2018-03-11 12:31:40,2018-04-03 14:50:10
36207238,91286762,6672771,941859790,941312923,550,f,t,2018-03-12 10:20:53,2018-03-12 11:51:26
36214077,91286762,6672771,942010989,941940853,551,f,t,2018-03-12 13:13:34,2018-03-12 13:15:19
36383441,83538133,6672771,945376190,943778578,552,f,t,2018-03-15 08:31:02,2018-03-15 08:32:05
36537265,42599392,6672771,948751580,948308931,553,f,t,2018-03-18 20:26:45,2018-04-03 14:49:30
36537310,42599392,6672771,948752790,948308931,554,f,t,2018-03-18 20:28:18,2018-04-03 14:48:41
37037872,90899936,6672771,959183892,958464869,555,f,f,2018-03-28 15:00:45,
37537384,42599392,6672771,970040027,968327852,556,f,t,2018-04-08 15:04:01,2018-04-08 15:04:24
37546304,42599392,6672771,970288166,970040368,557,f,t,2018-04-08 21:11:41,2018-04-08 21:13:19
37624214,94431844,6672771,972088996,971174862,558,f,t,2018-04-10 09:55:51,2018-04-10 10:05:57
37811401,94800892,6672771,975965817,972796196,559,f,t,2018-04-13 11:43:59,2018-04-14 14:48:13
37842502,13517771,6672771,976567900,972796196,560,f,t,2018-04-13 23:27:29,2018-04-14 05:40:48
37869109,13517771,6672771,977321722,977055138,561,f,t,2018-04-14 21:43:50,2018-04-15 07:23:57
37875926,94868438,6672771,977505225,977055138,562,f,f,2018-04-15 04:30:48,2018-05-03 14:03:07
37962183,28972180,6672771,979513261,977586776,563,f,t,2018-04-16 23:14:23,2018-04-17 09:31:07
38015890,50957486,6672771,980703035,979999405,564,f,t,2018-04-17 20:45:37,2018-04-17 21:01:45
38212989,95638486,6672771,985015869,980718723,565,f,t,2018-04-21 11:21:48,2018-05-03 14:01:31
38588608,50957486,6672771,994379168,980718723,566,f,t,2018-04-29 17:52:02,2018-04-29 18:00:21
38699113,50957486,6672771,996475012,994385260,567,f,t,2018-05-01 19:53:19,2018-05-01 20:01:42
39085567,97418536,6672771,1004389093,1003484328,568,f,t,2018-05-09 14:22:41,2018-05-09 14:27:19
39358686,6672771,6672771,1009417088,1007387307,569,t,t,2018-05-15 10:19:02,2018-05-15 10:19:08
39858118,50957486,6672771,1020647854,1011093006,570,f,t,2018-05-24 19:49:32,2018-06-12 16:53:07
40168522,70675980,6672771,1027181564,1011093006,571,f,t,2018-05-31 10:28:20,2018-05-31 12:48:19
40370012,100021198,6672771,1030942050,1028533427,572,f,t,2018-06-04 11:37:42,2018-06-06 09:59:45
40650820,88941048,6672771,1036081430,1033219946,573,f,f,2018-06-09 00:38:34,2018-06-12 16:55:22
40650891,88941048,6672771,1036082703,1033219946,574,f,f,2018-06-09 00:42:14,2018-06-10 08:02:42
40654278,100553858,6672771,1036175612,1033219946,575,f,t,2018-06-09 04:33:28,2018-06-12 16:56:01
40689567,100649412,6672771,1037089399,1033219946,576,f,t,2018-06-10 12:47:00,2018-06-12 16:57:19
40690602,100649412,6672771,1037118998,1033219946,577,f,t,2018-06-10 13:38:56,2018-06-21 10:25:28
40728026,29057714,6672771,1037896388,1033219946,578,f,t,2018-06-11 10:09:40,2018-06-11 10:29:42
40728999,6672771,6672771,1037912675,1037912341,579,t,t,2018-06-11 10:30:11,2018-06-11 10:30:18
40729047,6672771,6672771,1037914090,1037912856,580,t,t,2018-06-11 10:31:22,2018-06-20 09:52:19
40882345,100649412,6672771,1040786481,1040770522,581,f,t,2018-06-13 20:44:42,2018-06-13 20:46:22
40948143,63326618,6672771,1041961382,1040788036,582,f,t,2018-06-14 22:14:35,2018-06-15 07:25:07
40985556,50957486,6672771,1042688530,1042271880,583,f,f,2018-06-15 16:17:07,2018-06-18 09:03:50
41188846,33192256,6672771,1046923783,1045928039,584,f,t,2018-06-20 09:32:57,2018-06-20 09:51:57
41320184,101824455,6672771,1049390764,1049380542,585,f,t,2018-06-22 14:17:00,2018-06-22 14:42:19
41403453,20310122,6672771,1050820004,1050375851,586,f,t,2018-06-24 14:43:25,2018-06-24 15:03:17
41689339,20310122,6672771,1055957722,1054995407,587,f,t,2018-06-29 07:41:32,2018-06-29 21:19:49
41703799,102489660,6672771,1056229526,1054995407,588,f,t,2018-06-29 13:20:22,2018-06-29 16:04:32
41704254,21015045,6672771,1056236359,1054995407,589,f,t,2018-06-29 13:28:16,2018-09-03 08:54:40
41705001,102489660,6672771,1056247973,1054995407,590,f,t,2018-06-29 13:41:24,2018-07-01 09:19:05
41723147,102519925,6672771,1056572069,1056382281,591,f,t,2018-06-29 20:20:21,2018-06-29 20:24:25
41747417,50957486,6672771,1057123272,1056614637,592,f,t,2018-06-30 15:15:14,2018-07-01 09:19:43
41750527,42599392,6672771,1057195645,1056614637,593,f,t,2018-06-30 17:35:22,2018-06-30 17:39:16
41754852,26551588,6672771,1057298993,1057198069,594,f,t,2018-06-30 21:06:13,2018-07-01 08:48:54
41830350,42599392,6672771,1058989547,1058309154,595,f,t,2018-07-02 18:33:24,2018-07-12 12:22:53
42069572,103174774,6672771,1063291858,1062045717,596,f,t,2018-07-06 23:06:37,2018-08-21 08:35:46
42126018,103318474,6672771,1064728966,1062045717,597,f,t,2018-07-09 01:57:05,2018-07-09 06:37:06
42174698,103174774,6672771,1065776653,1064886991,598,f,f,2018-07-09 21:14:00,2018-07-09 21:14:20
42337104,19813112,6672771,1068957624,1068744129,599,f,t,2018-07-12 16:49:32,2018-07-13 08:44:23
42509231,104074284,6672771,1072459925,1071951456,600,f,t,2018-07-16 19:35:05,2018-08-13 22:39:41
42654048,104295530,6672771,1074653779,1071951456,601,f,t,2018-07-19 01:09:51,2018-07-19 07:20:51
42663484,26551588,6672771,1075051646,1071951456,602,f,t,2018-07-19 06:28:41,2018-07-19 07:18:38
42926729,104833616,6672771,1080031934,1076433753,603,f,t,2018-07-24 15:29:27,2018-07-24 18:59:35
43239730,105410762,6672771,1085821751,1080235706,604,f,t,2018-07-30 18:13:50,2018-07-30 18:33:42
43423576,105684986,6672771,1089179698,1085845140,605,f,t,2018-08-02 15:36:31,2018-08-02 16:43:16
43477778,26551588,6672771,1090129927,1089240548,606,f,t,2018-08-03 13:10:02,2018-08-13 22:40:32
43546633,105957384,6672771,1091563832,1089240548,607,f,t,2018-08-05 10:55:24,2018-08-05 11:48:10
44040503,33671912,6672771,1101147038,1100335096,608,f,t,2018-08-14 16:01:18,2018-08-16 08:35:51
44051244,106864017,6672771,1101331002,1100335096,609,f,t,2018-08-14 19:32:54,2018-08-14 19:42:42
44267542,42599392,6672771,1105431483,1103043300,610,f,t,2018-08-19 00:29:58,2018-08-19 06:37:12
44334951,33671912,6672771,1106953122,1105577400,611,f,t,2018-08-20 16:25:25,2018-08-20 16:26:09
44352591,33192256,6672771,1107265872,1106953729,612,f,t,2018-08-20 22:19:12,2018-08-22 09:11:05
44398805,50957486,6672771,1108148729,1107681748,613,f,t,2018-08-21 17:21:57,2018-09-03 08:54:52
44574150,33671912,6672771,1111447779,1111147198,614,f,t,2018-08-24 15:18:25,2018-08-24 15:46:36
44730654,107848229,6672771,1114612187,1113780181,615,f,t,2018-08-27 22:58:13,2018-08-28 15:09:30
45053400,26551588,6672771,1120265626,1118507510,616,f,t,2018-09-02 10:44:20,2018-09-03 08:55:08
45175576,26551588,6672771,1122711869,1122206936,617,f,t,2018-09-04 17:16:58,2018-09-05 08:22:28
45207312,42599392,6672771,1123283656,1122206936,618,f,t,2018-09-05 06:45:52,2018-09-05 08:16:32
45215576,108961179,6672771,1123433480,1123372557,619,f,t,2018-09-05 09:31:53,2018-09-17 08:56:10
45247466,108518892,6672771,1124025616,1123614987,620,f,t,2018-09-05 19:24:11,2018-09-20 15:11:28
45375924,109241266,6672771,1126247336,1126141550,621,f,t,2018-09-07 18:45:27,2018-09-17 08:55:48
45456119,16178616,6672771,1128182812,1127421610,622,f,t,2018-09-10 05:14:58,2018-09-10 08:44:59
45862460,81788555,6672771,1136002206,1134491497,623,f,t,2018-09-17 08:50:56,2018-09-20 08:42:20
46190789,13517771,6672771,1141832211,1140069572,624,f,t,2018-09-22 08:07:36,2018-09-22 09:04:27
46294708,16178616,6672771,1144098263,1141860121,625,f,t,2018-09-24 18:52:38,2018-09-25 08:40:42
46449030,108518892,6672771,1146758949,1144717172,626,f,f,2018-09-26 20:41:31,2018-10-03 13:18:44
46686945,108518892,6672771,1151466206,1148623109,627,f,t,2018-10-01 08:42:20,2018-10-01 08:43:31
46692020,103174774,6672771,1151544229,1151467154,628,f,t,2018-10-01 10:01:43,2018-10-01 12:39:30
46719203,33671912,6672771,1151877263,1151689041,629,f,t,2018-10-01 16:11:02,2018-10-03 14:14:00
46785455,100649412,6672771,1152927498,1151689041,630,f,t,2018-10-02 10:38:20,2018-10-17 15:58:26
46796747,19813112,6672771,1153090099,1151689041,631,f,t,2018-10-02 13:35:09,2018-10-02 14:06:07
46897811,16178616,6672771,1154681720,1154560935,632,f,t,2018-10-03 18:36:44,2018-10-04 15:20:42
46912168,112044581,6672771,1154880233,1154560935,633,f,t,2018-10-03 21:48:37,2018-10-04 15:21:12
46952465,33671912,6672771,1155504205,1154560935,634,f,t,2018-10-04 12:19:10,2018-10-08 09:44:26
47024891,103174774,6672771,1156668607,1156006315,635,f,t,2018-10-05 10:38:28,2018-10-15 08:32:58
47129455,26551588,6672771,1158672253,1156006315,636,f,t,2018-10-07 13:56:48,2018-10-08 12:29:52
47178723,112500707,6672771,1159712176,1159587518,637,f,t,2018-10-08 11:49:52,2018-10-08 12:11:40
47198815,33671912,6672771,1160053370,1159782564,638,f,t,2018-10-08 16:40:29,2018-10-15 18:28:16
47204168,112539806,6672771,1160135852,1159782564,639,f,t,2018-10-08 17:55:27,2018-10-09 12:31:15
47436548,6672771,6672771,1163836615,1163399508,640,t,t,2018-10-11 16:22:00,2018-10-11 16:22:26
47556828,21015045,6672771,1165746226,1163836931,641,f,t,2018-10-13 13:07:34,2018-10-15 08:34:28
47616275,16178616,6672771,1166873741,1163836931,642,f,t,2018-10-14 19:49:15,2018-11-02 12:40:27
47687969,16178616,6672771,1168076478,1168032405,643,f,t,2018-10-15 19:15:41,2018-10-15 19:17:23
47694844,103174774,6672771,1168189802,1168124518,644,f,f,2018-10-15 21:04:25,
47698040,50957486,6672771,1168244990,1168124518,645,f,t,2018-10-15 22:01:36,2018-10-16 08:44:08
47814686,113565428,6672771,1170282289,1169148989,646,f,t,2018-10-17 12:24:41,2018-11-02 12:42:59
47935312,50754900,6672771,1172186398,1170529517,647,f,t,2018-10-18 22:48:53,2018-10-19 08:30:36
47979833,113825682,6672771,1172873477,1172589378,648,f,f,2018-10-19 13:42:37,2018-10-19 14:32:04
48051286,42599392,6672771,1174093736,1172998125,649,f,t,2018-10-20 19:37:19,2018-10-21 08:14:52
48052074,16178616,6672771,1174106976,1172998125,650,f,t,2018-10-20 19:56:35,2018-11-02 12:37:55
48056050,50957486,6672771,1174190062,1172998125,651,f,t,2018-10-20 21:58:32,2018-10-21 08:01:33
48331512,114443264,6672771,1179156936,1174498461,652,f,t,2018-10-25 04:59:20,2018-10-25 05:30:04
48654398,16178616,6672771,1183966078,1183966073,653,f,t,2018-10-29 19:43:12,2018-10-29 19:46:42
48704109,115034126,6672771,1185006631,1184387604,654,f,t,2018-10-30 09:37:28,2018-11-26 14:27:18
48924065,21015045,6672771,1188216962,1187533342,655,f,t,2018-11-01 20:13:19,2018-11-01 20:35:13
48981206,26551588,6672771,1189097752,1189012926,656,f,t,2018-11-02 14:50:54,2018-11-02 14:52:05
48989988,33671912,6672771,1189228509,1189115888,657,f,t,2018-11-02 17:23:18,2018-11-08 16:43:26
49204472,115847150,6672771,1193384047,1192066345,658,f,t,2018-11-06 14:43:31,2018-11-26 14:26:58
49369188,33671912,6672771,1196299257,1196233587,659,f,f,2018-11-08 18:05:27,
49390080,13517771,6672771,1196684178,1196233587,660,f,t,2018-11-09 00:59:55,2018-11-12 13:53:03
49500301,50754900,6672771,1198778618,1196233587,661,f,t,2018-11-11 00:25:42,2019-01-15 10:32:33
49566369,116471575,6672771,1200137537,1196233587,662,f,t,2018-11-12 09:57:55,2018-11-12 13:53:20
49572528,20310122,6672771,1200229944,1200183040,663,f,t,2018-11-12 11:33:39,2018-11-13 09:49:48
49666074,26551588,6672771,1201799454,1201511821,664,f,f,2018-11-13 14:38:17,2018-11-20 10:28:48
49669723,26551588,6672771,1201861698,1201511821,665,f,t,2018-11-13 15:41:51,2018-11-20 14:41:36
49749281,50957486,6672771,1203125757,1201511821,666,f,t,2018-11-14 15:44:59,2018-11-14 15:52:49
49967478,117115601,6672771,1206866876,1203262790,667,f,t,2018-11-17 20:53:16,2018-11-18 16:50:25
50232008,16178616,6672771,1211774698,1210058022,668,f,t,2018-11-21 21:17:13,2018-11-26 14:32:57
50252532,108518892,6672771,1212166150,1210058022,669,f,t,2018-11-22 07:13:47,2018-11-26 14:27:58
50703497,118370519,6672771,1219914382,1219088685,670,f,t,2018-11-29 13:24:08,2018-11-29 15:54:08
50848111,6672771,6672771,1222879770,1220881653,671,t,t,2018-12-01 13:02:22,2018-12-01 13:02:30
50848123,6672771,6672771,1222880114,1222880076,672,t,t,2018-12-01 13:02:50,2019-01-07 10:29:58
51037382,63651365,6672771,1226544398,1222880076,673,f,t,2018-12-04 14:00:01,2018-12-04 15:58:47
51384132,100122620,6672771,1232068438,1226709143,674,f,t,2018-12-09 16:52:01,2018-12-09 18:29:17
52375673,121124123,6672771,1249977626,1246937442,675,f,t,2018-12-25 09:00:57,2018-12-25 09:47:49
52771036,42599392,6672771,1257737068,1256232038,676,f,t,2019-01-03 18:27:42,2019-01-04 08:27:35
53067443,38809034,6672771,1262900264,1261138255,677,f,f,2019-01-08 19:04:20,2019-02-18 13:32:11
53348505,26551588,6672771,1267223125,1266244416,678,f,t,2019-01-12 16:43:47,2019-01-28 15:56:49
53417219,81788555,6672771,1268574801,1266244416,679,f,t,2019-01-14 06:37:41,2019-01-15 10:35:13
53428371,122947840,6672771,1268776484,1266244416,680,f,t,2019-01-14 09:51:09,2019-01-14 09:51:41
53433267,122947840,6672771,1268864921,1268776908,681,f,t,2019-01-14 11:18:50,2019-01-15 16:19:35
53456450,33671912,6672771,1269266601,1268776908,682,f,t,2019-01-14 17:33:21,2019-01-15 10:36:29
53502779,33671912,6672771,1270084223,1268776908,683,f,t,2019-01-15 10:31:04,2019-01-15 10:32:18
54219321,20310122,6672771,1281371975,1270421732,684,f,t,2019-01-25 12:12:01,2019-01-25 14:52:36
54237253,105957384,6672771,1281649990,1281617305,685,f,t,2019-01-25 17:12:04,2019-01-28 15:56:12
54282777,13517771,6672771,1282450458,1281617305,686,f,t,2019-01-26 15:23:21,2019-01-26 19:09:51
54284449,13517771,6672771,1282490669,1281617305,687,f,t,2019-01-26 16:13:03,2019-01-26 19:08:58
54290315,42599392,6672771,1282629783,1282629566,688,f,t,2019-01-26 19:10:03,2019-04-23 13:29:00
54481346,50957486,6672771,1286126000,1285954521,689,f,t,2019-01-29 19:49:29,2019-01-30 09:43:18
54533278,124663054,6672771,1286930871,1286777762,690,f,t,2019-01-30 12:41:51,2019-01-30 12:52:37
54547307,124683433,6672771,1287153006,1286941807,691,f,f,2019-01-30 16:21:00,2019-01-30 16:24:24
54702014,124564390,6672771,1289463906,1286941807,692,f,t,2019-02-01 13:24:49,2019-02-06 15:53:02
54773548,21015045,6672771,1290635321,1286941807,693,f,t,2019-02-02 18:22:26,2019-02-06 14:54:41
54773605,21015045,6672771,1290636698,1286941807,694,f,t,2019-02-02 18:24:31,2019-02-06 14:55:10
54773737,21015045,6672771,1290639401,1286941807,695,f,f,2019-02-02 18:27:17,2019-02-02 18:45:31
54774545,21015045,6672771,1290646248,1286941807,696,f,t,2019-02-02 18:37:02,2019-02-06 14:56:16
54910034,105957384,6672771,1292816977,1286941807,697,f,t,2019-02-04 23:06:35,2019-02-05 09:30:08
55150176,26551588,6672771,1294454764,1293165542,698,f,t,2019-02-07 10:45:56,2019-02-07 10:47:25
55203383,42599392,6672771,1293549807,1293549801,699,f,t,2019-02-07 23:49:01,2019-02-08 07:55:56
55244222,125357678,6672771,1294671630,1293549800,700,f,t,2019-02-08 12:08:50,2019-02-08 12:22:59
55564440,26551588,6672771,1296933085,1294671628,701,f,t,2019-02-12 23:15:36,2019-02-26 15:00:47
55727871,125925008,6672771,1297889382,1294671628,702,f,t,2019-02-14 16:50:52,2019-02-26 15:02:38
55961904,38809034,6672771,1301642440,1294671628,703,f,f,2019-02-18 04:55:49,2019-02-18 14:03:18
55962610,38809034,6672771,1301649801,1294671628,704,f,t,2019-02-18 05:05:41,2019-02-18 13:31:18
56370596,127035125,6672771,1307639200,1307635708,705,f,t,2019-02-22 06:28:51,2019-02-26 15:00:19
56754492,16178616,6672771,1318978839,1318921316,706,f,f,2019-02-27 05:38:42,
56801864,127711537,6672771,1319559541,1319386804,707,f,t,2019-02-27 16:36:09,2019-02-27 16:38:03
56974116,125925008,6672771,1319961914,1319961913,708,f,t,2019-03-01 08:51:59,2019-03-01 13:53:42
57186824,33671912,6672771,1321961606,1319961910,709,f,t,2019-03-04 12:46:28,2019-03-04 13:26:24
57304573,81788555,6672771,1322656762,1322656723,710,f,t,2019-03-05 16:20:07,2019-04-23 13:26:50
57681999,128769278,6672771,1326538230,1322656723,711,f,t,2019-03-10 10:27:43,2019-04-23 13:26:10
58012251,129342918,6672771,1330910386,1322656723,712,f,t,2019-03-14 00:38:27,2019-03-28 16:15:41
58618313,130274017,6672771,1340939697,1322656723,713,f,t,2019-03-15 09:24:20,2019-03-26 17:06:41
58618293,130233755,6672771,1340939520,1336593258,714,f,t,2019-03-26 11:10:26,2019-03-26 17:06:14
58618195,33671912,6672771,1340937960,1336593258,715,f,t,2019-03-26 17:03:34,2019-03-26 17:05:12
58680487,127711537,6672771,1341861598,1341861590,716,f,t,2019-03-27 09:05:31,2019-03-28 16:13:33
58807446,127711537,6672771,1343619581,1342228146,717,f,t,2019-03-28 15:10:32,2019-04-23 13:25:56
58813238,50957486,6672771,1343707100,1343697692,718,f,t,2019-03-28 16:22:52,2019-04-05 09:14:31
58903514,127711537,6672771,1344939350,1343697692,719,f,t,2019-03-29 14:49:27,2019-03-29 14:51:33
58909890,33192256,6672771,1345026248,1344941394,720,f,t,2019-03-29 16:05:20,2019-04-23 13:24:57
59003859,26551588,6672771,1346161983,1344941394,721,f,t,2019-03-30 19:00:42,2019-04-23 13:24:45
59335322,127711537,6672771,1350658368,1347810184,722,f,t,2019-04-03 11:30:24,2019-04-03 13:41:26
59627905,50957486,6672771,1354765644,1353194350,723,f,t,2019-04-06 19:56:24,2019-04-06 21:03:44
60512168,26551588,6672771,1367365947,1366983601,724,f,t,2019-04-18 16:37:41,2019-04-23 13:24:32
60457186,26551588,6672771,1366983657,1366983601,725,f,t,2019-04-19 16:27:04,2019-04-23 13:23:56
60758482,33671912,6672771,1371163144,1366983601,726,f,t,2019-04-23 10:34:55,2019-04-23 12:22:43
60969463,33671912,6672771,1374019763,1372246369,727,f,f,2019-04-25 12:16:46,
61001550,42599392,6672771,1374492355,1372246369,728,f,t,2019-04-25 19:35:27,2019-04-26 08:59:54
61151222,21015045,6672771,1376730881,1375579509,729,f,t,2019-04-27 20:18:43,2019-04-29 08:32:06
61888436,112539806,6672771,1387108349,1382636434,730,f,t,2019-05-06 20:41:27,2019-05-07 22:09:06
61890899,112539806,6672771,1387139223,1382636434,731,f,t,2019-05-06 21:10:33,2019-05-10 15:53:06
61893105,112539806,6672771,1387161165,1382636434,732,f,t,2019-05-06 21:34:23,2019-05-10 15:53:32
62253057,33671912,6672771,1391960386,1388549964,733,f,t,2019-05-10 15:31:13,2019-05-20 14:10:06
62837690,16178616,6672771,1400195492,1396595543,734,f,t,2019-05-19 19:06:11,2019-05-20 08:43:28
62908538,113565428,6672771,1401155168,1400802738,735,f,t,2019-05-20 14:02:27,2019-05-20 14:09:06
62973191,16178616,6672771,1402035780,1401165152,736,f,t,2019-05-21 05:24:09,2019-05-21 07:10:33
63395664,21015045,6672771,1406972478,1402924799,738,f,t,2019-05-24 21:01:56,2019-05-24 22:03:14
63442452,112539806,6672771,1407542225,1407022261,739,f,f,2019-05-25 14:04:12,
63447720,136883455,6672771,1407629592,1407022261,740,f,t,2019-05-25 16:10:58,2019-05-25 16:57:56
63488581,136883455,6672771,1408292203,1407660506,741,f,t,2019-05-26 13:08:01,2019-05-27 07:35:27
63673746,137177436,6672771,1410697567,1409053583,742,f,t,2019-05-28 12:30:18,2019-05-28 18:33:57
63732866,130233755,6672771,1411350285,1411091908,743,f,t,2019-05-28 22:52:52,2019-05-29 04:10:48
63786865,137294639,6672771,1411981808,1411585851,744,f,f,2019-05-29 10:13:06,
63808408,136883455,6672771,1412238122,1411585851,745,f,f,2019-05-29 14:15:27,
64092530,137565214,6672771,1415091432,1411585851,747,f,f,2019-05-31 17:33:51,
32668441,42599392,6672771,868438569,868416715,521,f,f,,
